/*
Navicat MySQL Data Transfer

Source Server         : localhost
Source Server Version : 50505
Source Host           : localhost:3306
Source Database       : program_fb2022

Target Server Type    : MYSQL
Target Server Version : 50505
File Encoding         : 65001

Date: 2022-08-01 12:18:33
*/

SET FOREIGN_KEY_CHECKS=0;

-- ----------------------------
-- Table structure for `fb_clubs`
-- ----------------------------
DROP TABLE IF EXISTS `fb_clubs`;
CREATE TABLE `fb_clubs` (
  `club_id` int(11) NOT NULL AUTO_INCREMENT,
  `national_id` int(11) NOT NULL,
  `league_id` int(11) NOT NULL,
  `club_name` text COLLATE utf8_unicode_ci,
  `club_image` text COLLATE utf8_unicode_ci,
  `club_status` smallint(3) NOT NULL DEFAULT '1',
  `club_score` smallint(3) DEFAULT NULL,
  `club_match` smallint(3) DEFAULT NULL,
  `club_order` smallint(3) DEFAULT NULL,
  `user_add_id` int(11) DEFAULT NULL,
  `user_edit_id` int(11) DEFAULT NULL,
  `created` datetime DEFAULT NULL,
  `modified` datetime DEFAULT NULL,
  PRIMARY KEY (`club_id`)
) ENGINE=InnoDB AUTO_INCREMENT=594 DEFAULT CHARSET=utf8 COLLATE=utf8_unicode_ci;

-- ----------------------------
-- Records of fb_clubs
-- ----------------------------
INSERT INTO `fb_clubs` VALUES ('1', '4', '2', 'เชลซี', '20130215161746.jpg', '0', null, null, null, null, null, '2013-02-15 16:17:46', '2013-02-15 16:27:29');
INSERT INTO `fb_clubs` VALUES ('2', '4', '2', 'แมนฯ ยูไนเต็ด', '20130222000911.png', '1', '40', '22', '4', null, null, '2013-02-15 16:34:37', '2015-01-23 12:54:15');
INSERT INTO `fb_clubs` VALUES ('4', '4', '2', 'เชลซี', '20160919120457.png', '1', '52', '22', '1', null, null, '2013-02-15 17:02:15', '2016-09-19 12:04:57');
INSERT INTO `fb_clubs` VALUES ('5', '5', '3', 'เอซี มิลาน', '20130224161124.png', '0', null, null, null, null, null, '2013-02-15 17:11:28', '2013-02-26 03:41:37');
INSERT INTO `fb_clubs` VALUES ('6', '7', '4', 'กาลาตาซาราย', '20130219142319.jpg', '0', null, null, null, null, null, '2013-02-19 14:23:19', '2013-02-26 03:39:50');
INSERT INTO `fb_clubs` VALUES ('7', '6', '5', 'ชาลเก้ 04', '20130219142346.jpg', '0', null, null, null, null, null, '2013-02-19 14:23:46', '2013-02-26 03:39:57');
INSERT INTO `fb_clubs` VALUES ('8', '4', '2', 'ลิเวอร์พูล', '20160919115749.png', '1', '35', '22', '8', null, null, '2013-02-21 11:09:41', '2016-09-19 11:57:49');
INSERT INTO `fb_clubs` VALUES ('9', '9', '7', 'Granada', '20130222131828.png', '0', null, null, null, null, null, '2013-02-22 00:18:28', '2013-02-26 03:39:42');
INSERT INTO `fb_clubs` VALUES ('10', '9', '7', 'Barcelona', '20130222134128.png', '0', null, null, null, null, null, '2013-02-22 00:41:28', '2013-02-26 03:39:23');
INSERT INTO `fb_clubs` VALUES ('11', '6', '5', 'Bayern Munich', '20130222142607.png', '0', null, null, null, null, null, '2013-02-22 01:26:07', '2013-02-26 03:39:34');
INSERT INTO `fb_clubs` VALUES ('12', '4', '2', 'อาร์เซน่อล', '20160917101324.png', '1', '39', '22', '5', null, null, '2013-02-22 01:28:21', '2016-09-17 10:13:24');
INSERT INTO `fb_clubs` VALUES ('13', '9', '7', 'อัตเลตีโกมาดริด', '20130222144713.png', '0', null, null, null, null, null, '2013-02-22 01:47:13', '2013-02-26 03:41:18');
INSERT INTO `fb_clubs` VALUES ('14', '14', '13', 'แอสตัน วิลล่า', '20160917101123.png', '1', '10', '22', '11', null, null, '2013-02-23 08:02:57', '2017-03-18 16:44:16');
INSERT INTO `fb_clubs` VALUES ('15', '4', '2', 'เอฟเวอร์ตัน', '20160919115649.png', '1', '21', '22', '11', null, null, '2013-02-23 08:10:18', '2016-09-19 11:56:49');
INSERT INTO `fb_clubs` VALUES ('16', '4', '2', 'Norwich City', '20130223211205.png', '0', null, null, null, null, null, '2013-02-23 08:12:05', '2013-02-26 03:41:07');
INSERT INTO `fb_clubs` VALUES ('17', '4', '2', 'แมนเชสเตอร์ ซิตี้', '20160828111504.png', '1', '47', '22', '2', null, null, '2013-02-24 03:05:34', '2016-08-28 11:15:04');
INSERT INTO `fb_clubs` VALUES ('18', '4', '2', 'นิวคาสเซิ่ล ยูไนเต็ด', '20160919115519.png', '1', '27', '22', '11', null, null, '2013-02-24 03:17:56', '2016-09-19 11:55:19');
INSERT INTO `fb_clubs` VALUES ('19', '4', '2', 'เซาธ์แฮมป์ตัน', '20130224162022.png', '1', '42', '22', '3', null, null, '2013-02-24 03:20:22', '2015-01-23 12:54:15');
INSERT INTO `fb_clubs` VALUES ('20', '9', '7', 'เอสปาญอล', '20130224223042.png', '0', null, null, null, null, null, '2013-02-24 09:30:42', '2013-02-26 03:41:49');
INSERT INTO `fb_clubs` VALUES ('21', '9', '7', 'อัตเลตีโกมาดริด (Atlético de Madrid)', '20130224223403.png', '0', null, null, null, null, null, '2013-02-24 09:34:03', '2013-02-24 09:38:21');
INSERT INTO `fb_clubs` VALUES ('22', '9', '7', 'มาลากา (Málaga)', '20130224224857.png', '0', null, null, null, null, null, '2013-02-24 09:48:57', '2013-02-26 03:40:08');
INSERT INTO `fb_clubs` VALUES ('23', '9', '7', 'เรอัลเบติส (Real Betis Balompié)', '20130224225220.png', '0', null, null, null, null, null, '2013-02-24 09:52:20', '2013-02-26 03:41:29');
INSERT INTO `fb_clubs` VALUES ('24', '4', '2', 'ท็อตแน่ม ฮ็อทสเปอร์', '20160918092146.png', '1', '37', '22', '6', null, null, '2013-02-26 03:02:34', '2016-09-18 09:21:46');
INSERT INTO `fb_clubs` VALUES ('25', '4', '2', 'เวสต์บรอมวิช อัลเบี้ยน', '20160919115535.png', '1', '8', '22', '11', null, null, '2013-02-26 03:11:40', '2016-09-19 11:55:35');
INSERT INTO `fb_clubs` VALUES ('26', '4', '2', 'สวอนซี ซิตี้', '20160918091111.png', '1', '30', '22', '9', null, null, '2013-02-26 03:16:44', '2016-09-18 09:11:11');
INSERT INTO `fb_clubs` VALUES ('27', '4', '2', 'สโต๊ค ซิตี้', '20160918093003.png', '1', '29', '22', '10', null, null, '2013-02-26 03:22:16', '2016-09-18 09:30:03');
INSERT INTO `fb_clubs` VALUES ('28', '14', '13', 'ฟูแล่ม', '20161104171642.png', '1', '24', '39', '20', null, null, '2013-02-26 03:24:03', '2016-11-04 17:16:42');
INSERT INTO `fb_clubs` VALUES ('29', '4', '2', 'นอริช ซิตี้', '20160919115844.png', '1', '32', '39', '15', null, null, '2013-02-26 03:38:46', '2016-09-19 11:58:44');
INSERT INTO `fb_clubs` VALUES ('30', '4', '2', 'เวสต์แฮม ยูไนเต็ด', '20160828111708.png', '1', '36', '22', '7', null, null, '2013-02-26 03:43:08', '2016-08-28 11:17:08');
INSERT INTO `fb_clubs` VALUES ('31', '4', '2', 'ซันเดอร์แลนด์', '20130411160942.png', '1', '0', '22', '11', null, null, '2013-02-26 03:44:10', '2015-01-23 12:54:15');
INSERT INTO `fb_clubs` VALUES ('32', '14', '13', 'วีแกน แอธเลติก', '20170127103110.png', '1', '0', '0', '0', null, null, '2013-02-26 03:45:47', '2017-01-27 10:31:10');
INSERT INTO `fb_clubs` VALUES ('33', '14', '13', 'เรดดิ้ง', '20170106171446.png', '1', '0', '0', '0', null, null, '2013-02-26 03:47:06', '2017-01-06 17:14:46');
INSERT INTO `fb_clubs` VALUES ('34', '14', '13', 'ควีนส์ปาร์ค เรนเจอร์ส', '20161028142430.png', '1', '0', '22', '16', null, null, '2013-02-26 03:49:11', '2016-10-28 14:24:30');
INSERT INTO `fb_clubs` VALUES ('35', '9', '7', 'บาร์เซโลน่า', '20170913164748.png', '1', '47', '20', '2', null, null, '2013-02-26 12:33:00', '2017-09-13 16:47:48');
INSERT INTO `fb_clubs` VALUES ('36', '9', '7', 'แอตเลติโก มาดริด', '20170808162644.png', '1', '44', '20', '3', null, null, '2013-02-26 12:33:49', '2017-08-08 16:26:44');
INSERT INTO `fb_clubs` VALUES ('37', '9', '7', 'เรอัล มาดริด', '20160918094059.PNG', '1', '48', '19', '1', null, null, '2013-02-26 12:36:59', '2016-09-18 09:40:59');
INSERT INTO `fb_clubs` VALUES ('38', '9', '7', 'มาลาก้า', '20160917104216.png', '1', '32', '20', '7', null, null, '2013-02-26 12:38:35', '2016-09-17 10:42:16');
INSERT INTO `fb_clubs` VALUES ('39', '9', '7', 'บาเลนเซีย', '20160918092802.png', '1', '41', '20', '4', null, null, '2013-02-26 12:40:20', '2016-09-18 09:28:02');
INSERT INTO `fb_clubs` VALUES ('40', '9', '7', 'เรอัล โซเซียดาด', '20160918093821.png', '1', '4', '20', '14', null, null, '2013-02-26 12:50:05', '2016-09-18 09:38:21');
INSERT INTO `fb_clubs` VALUES ('41', '9', '13', 'เรอัล เบติส', '20130227015106.png', '1', '19', '38', '20', null, null, '2013-02-26 12:51:06', '2014-07-15 17:39:54');
INSERT INTO `fb_clubs` VALUES ('42', '9', '7', 'ราโย บาเยกาโน่', '20130227015205.png', '1', '23', '20', '10', null, null, '2013-02-26 12:52:05', '2015-01-26 16:31:49');
INSERT INTO `fb_clubs` VALUES ('43', '9', '7', 'เกตาเฟ่', '20160919130324.png', '1', '15', '20', '11', null, null, '2013-02-26 12:53:15', '2016-09-19 13:03:24');
INSERT INTO `fb_clubs` VALUES ('44', '9', '7', 'เลบานเต้', '20170806155401.png', '1', '0', '20', '14', null, null, '2013-02-26 12:55:12', '2017-08-06 15:54:01');
INSERT INTO `fb_clubs` VALUES ('45', '5', '3', 'ยูเวนตุส', '20170808162437.png', '1', '49', '20', '1', null, null, '2013-02-26 13:31:34', '2017-08-08 16:24:37');
INSERT INTO `fb_clubs` VALUES ('46', '5', '3', 'นาโปลี', '20160919132805.png', '1', '33', '19', '5', null, null, '2013-02-26 13:33:28', '2016-09-19 13:28:05');
INSERT INTO `fb_clubs` VALUES ('47', '5', '3', 'ลาซิโอ', '20160919132237.png', '1', '34', '20', '3', null, null, '2013-02-26 13:35:04', '2016-09-19 13:22:37');
INSERT INTO `fb_clubs` VALUES ('48', '5', '3', 'เอซี มิลาน', '20160919132415.png', '1', '26', '20', '10', null, null, '2013-02-26 13:37:16', '2016-09-19 13:24:15');
INSERT INTO `fb_clubs` VALUES ('49', '5', '3', 'อินเตอร์ มิลาน', '20160918093426.png', '1', '26', '20', '9', null, null, '2013-02-26 13:38:33', '2016-09-18 09:34:26');
INSERT INTO `fb_clubs` VALUES ('50', '6', '5', 'บาเยิร์น มิวนิค', '20170818123143.png', '1', '45', '17', '1', null, null, '2013-02-26 13:40:25', '2017-08-18 12:31:43');
INSERT INTO `fb_clubs` VALUES ('51', '6', '5', 'ดอร์ทมุนด์', '20160919150223.png', '1', '7', '17', '11', null, null, '2013-02-26 13:42:48', '2016-09-19 15:02:23');
INSERT INTO `fb_clubs` VALUES ('52', '6', '5', 'เลเวอร์คูเซ่น', '20160919150343.png', '1', '28', '17', '3', null, null, '2013-02-26 13:43:34', '2016-09-19 15:03:43');
INSERT INTO `fb_clubs` VALUES ('53', '6', '5', 'แฟร้งเฟิร์ต', '20130227024500.png', '0', null, null, null, null, null, '2013-02-26 13:45:00', '2013-04-01 03:48:29');
INSERT INTO `fb_clubs` VALUES ('54', '6', '5', 'ไฟร์บวร์ก', '20160919150436.png', '1', '0', '17', '18', null, null, '2013-02-26 13:46:29', '2016-09-19 15:04:36');
INSERT INTO `fb_clubs` VALUES ('55', '5', '3', 'ฟิออเรนติน่า', '20160919132127.png', '1', '31', '20', '6', null, null, '2013-03-05 00:56:11', '2016-09-19 13:21:27');
INSERT INTO `fb_clubs` VALUES ('56', '5', '3', 'โรม่า', '20170819154236.png', '1', '42', '20', '2', null, null, '2013-03-05 01:00:26', '2017-08-19 15:42:36');
INSERT INTO `fb_clubs` VALUES ('57', '5', '13', 'คาตาเนีย', '20130305140527.png', '1', '20', '38', '20', null, null, '2013-03-05 01:05:27', '2014-07-16 10:57:15');
INSERT INTO `fb_clubs` VALUES ('58', '5', '3', 'อูดิเนเซ่', '20160919132832.png', '1', '25', '20', '11', null, null, '2013-03-05 01:06:18', '2016-09-19 13:28:32');
INSERT INTO `fb_clubs` VALUES ('59', '5', '3', 'ซามพ์โดเรีย', '20160919132035.png', '1', '34', '20', '4', null, null, '2013-03-05 01:09:49', '2016-09-19 13:20:35');
INSERT INTO `fb_clubs` VALUES ('60', '5', '3', 'โตริโน่', '20160919132054.png', '1', '0', '20', '11', null, null, '2013-03-05 01:11:18', '2016-09-19 13:20:54');
INSERT INTO `fb_clubs` VALUES ('61', '5', '3', 'โบโลญญ่า', '20160917195350.png', '1', '23', '38', '16', null, null, '2013-03-05 01:16:58', '2016-09-17 19:53:50');
INSERT INTO `fb_clubs` VALUES ('62', '5', '3', 'ปาร์ม่า', '20130305141955.png', '1', '0', '20', '19', null, null, '2013-03-05 01:19:55', '2015-01-26 16:30:06');
INSERT INTO `fb_clubs` VALUES ('63', '5', '3', 'อตาลันต้า', '20160919132446.png', '1', '4', '20', '11', null, null, '2013-03-05 01:22:06', '2016-09-19 13:24:46');
INSERT INTO `fb_clubs` VALUES ('64', '5', '3', 'กายารี่', '20160919132514.png', '1', '1', '20', '13', null, null, '2013-03-05 01:23:30', '2016-09-19 13:25:14');
INSERT INTO `fb_clubs` VALUES ('65', '5', '3', 'คิเอโว่', '20160919132538.png', '1', '3', '20', '12', null, null, '2013-03-05 01:31:36', '2016-09-19 13:25:38');
INSERT INTO `fb_clubs` VALUES ('66', '14', '13', 'เซียน่า', '20130305150825.png', '1', null, null, null, null, null, '2013-03-05 02:08:25', '2013-08-20 09:48:29');
INSERT INTO `fb_clubs` VALUES ('67', '5', '3', 'เจนัว', '20160919132153.png', '1', '28', '19', '7', null, null, '2013-03-05 02:09:59', '2016-09-19 13:21:53');
INSERT INTO `fb_clubs` VALUES ('68', '14', '13', 'ปาแลร์โม่', '20130305154938.png', '1', null, null, null, null, null, '2013-03-05 02:49:38', '2013-08-20 09:48:14');
INSERT INTO `fb_clubs` VALUES ('69', '5', '3', 'เปสคาร่า', '20160919132718.png', '1', null, null, null, null, null, '2013-03-05 02:50:59', '2016-09-19 13:27:18');
INSERT INTO `fb_clubs` VALUES ('70', '8', '6', 'แมนเชสเตอร์ยูไนเต็ด', '20130305160843.png', '0', null, null, null, null, null, '2013-03-05 03:08:43', '2013-03-14 00:11:05');
INSERT INTO `fb_clubs` VALUES ('71', '8', '6', 'เรอัล มาดริด', '20130305160936.PNG', '0', null, null, null, null, null, '2013-03-05 03:09:36', '2013-03-14 00:11:15');
INSERT INTO `fb_clubs` VALUES ('72', '8', '6', 'ดอร์ทมุนด์', '20130305161014.png', '0', null, null, null, null, null, '2013-03-05 03:10:14', '2013-03-14 00:10:09');
INSERT INTO `fb_clubs` VALUES ('73', '14', '13', 'ชัคตาร์โดเนตสค์', '20130305161200.png', '0', null, null, null, null, null, '2013-03-05 03:12:00', '2013-10-02 09:37:59');
INSERT INTO `fb_clubs` VALUES ('74', '8', '6', 'เปแอสเช', '20130307020914.png', '0', null, null, null, null, null, '2013-03-06 13:09:14', '2013-08-09 10:38:52');
INSERT INTO `fb_clubs` VALUES ('77', '8', '6', 'บาเลนเซีย', '20130307021013.png', '0', null, null, null, null, null, '2013-03-06 13:10:13', '2013-03-14 00:10:31');
INSERT INTO `fb_clubs` VALUES ('78', '8', '6', 'ยูเวนตุส', '20130307021043.png', '0', null, null, null, null, null, '2013-03-06 13:10:43', '2013-03-14 00:10:40');
INSERT INTO `fb_clubs` VALUES ('79', '14', '13', 'กลาสโกว์ เซลติก', '20160928130038.png', '1', null, null, null, null, null, '2013-03-06 13:11:20', '2016-09-28 13:00:38');
INSERT INTO `fb_clubs` VALUES ('80', '18', '10', 'อันจิ', '20130307152050.png', '0', null, null, null, null, null, '2013-03-07 02:20:50', '2013-04-02 02:55:26');
INSERT INTO `fb_clubs` VALUES ('81', '8', '8', 'นิวคาสเซิ่ล', '20130307152135.png', '0', null, null, null, null, null, '2013-03-07 02:21:35', '2013-03-14 00:11:27');
INSERT INTO `fb_clubs` VALUES ('82', '14', '13', 'สเตอัว บูคาเรสต์', '20160929143836.png', '1', null, null, null, null, null, '2013-03-07 02:22:06', '2016-09-29 14:38:36');
INSERT INTO `fb_clubs` VALUES ('83', '8', '8', 'เชลซี', '20130307152234.png', '0', null, null, null, null, null, '2013-03-07 02:22:34', '2013-03-14 00:18:46');
INSERT INTO `fb_clubs` VALUES ('84', '14', '13', 'เบนฟิก้า', '20141126125618.png', '1', null, null, null, null, null, '2013-03-07 02:23:01', '2014-11-26 12:56:18');
INSERT INTO `fb_clubs` VALUES ('85', '8', '8', 'บอร์กโดซ์', '20130307152327.png', '0', null, null, null, null, null, '2013-03-07 02:23:27', '2013-04-02 02:54:41');
INSERT INTO `fb_clubs` VALUES ('86', '8', '8', 'สเปอร์ส', '20130307152353.png', '0', null, null, null, null, null, '2013-03-07 02:23:53', '2013-03-14 00:18:26');
INSERT INTO `fb_clubs` VALUES ('87', '8', '8', 'อินเตอร์ มิลาน', '20130307152425.png', '0', null, null, null, null, null, '2013-03-07 02:24:25', '2013-03-14 00:18:55');
INSERT INTO `fb_clubs` VALUES ('88', '4', '9', 'เอฟเวอร์ตัน', '20130309152307.png', '0', null, null, null, null, null, '2013-03-09 02:23:07', '2013-03-14 00:09:52');
INSERT INTO `fb_clubs` VALUES ('89', '4', '9', 'วีแกนแอธเลติก', '20130309152345.png', '0', null, null, null, null, null, '2013-03-09 02:23:45', '2013-03-14 00:09:47');
INSERT INTO `fb_clubs` VALUES ('90', '4', '9', 'แมนเชสเตอร์ซิตี้', '20130309152937.png', '0', null, null, null, null, null, '2013-03-09 02:24:28', '2013-03-14 00:09:56');
INSERT INTO `fb_clubs` VALUES ('91', '4', '9', 'บาร์นสลีย์', '20130309153114.png', '0', null, null, null, null, null, '2013-03-09 02:25:13', '2013-03-14 00:09:42');
INSERT INTO `fb_clubs` VALUES ('92', '8', '6', 'บาร์เซโลน่า', '20130312112344.png', '0', null, null, null, null, null, '2013-03-11 23:23:44', '2013-03-14 00:10:16');
INSERT INTO `fb_clubs` VALUES ('93', '8', '6', 'เอซี มิลาน', '20130312112404.png', '0', null, null, null, null, null, '2013-03-11 23:24:04', '2013-03-14 00:10:58');
INSERT INTO `fb_clubs` VALUES ('94', '8', '6', 'บาเยิร์น มิวนิค', '20130313104709.png', '0', null, null, null, null, null, '2013-03-12 22:47:09', '2013-03-14 00:10:22');
INSERT INTO `fb_clubs` VALUES ('95', '8', '6', 'อาร์เซนอล', '20130313104820.png', '0', null, null, null, null, null, '2013-03-12 22:48:20', '2013-03-14 00:10:48');
INSERT INTO `fb_clubs` VALUES ('96', '14', '13', 'รูบิน คาซาน', '20130314110847.png', '1', null, null, null, null, null, '2013-03-13 23:08:47', '2013-08-09 10:36:26');
INSERT INTO `fb_clubs` VALUES ('97', '9', '7', 'เลบานเต้', '20130314111042.png', '0', null, null, null, null, null, '2013-03-13 23:10:42', '2013-03-14 00:09:02');
INSERT INTO `fb_clubs` VALUES ('98', '6', '5', 'โวล์ฟสบวร์ก', '20160919150426.png', '1', '34', '17', '2', null, null, '2013-03-14 23:25:13', '2016-09-19 15:04:26');
INSERT INTO `fb_clubs` VALUES ('99', '14', '13', 'กาลาตาซาราย', '20160216133250.png', '1', null, null, null, null, null, '2013-03-14 23:44:14', '2016-02-16 13:32:50');
INSERT INTO `fb_clubs` VALUES ('100', '9', '7', 'เอสปันญ่อล', '20160918094039.png', '1', '26', '20', '9', null, null, '2013-03-17 02:16:36', '2016-09-18 09:40:39');
INSERT INTO `fb_clubs` VALUES ('101', '9', '7', 'กรานาดา', '20160919130155.png', '1', '8', '20', '11', null, null, '2013-03-17 02:20:16', '2016-09-19 13:01:55');
INSERT INTO `fb_clubs` VALUES ('102', '14', '12', 'บราซิล', '20170827024557.png', '1', '7', '3', '1', null, null, '2013-03-21 05:13:54', '2017-08-27 02:45:57');
INSERT INTO `fb_clubs` VALUES ('103', '14', '12', 'อิตาลี่', '20170829033341.png', '1', '3', '3', '3', null, null, '2013-03-21 05:14:28', '2017-08-29 03:33:41');
INSERT INTO `fb_clubs` VALUES ('104', '14', '12', 'คาซัคสถาน', '20170827021912.png', '1', null, null, null, null, null, '2013-03-21 23:39:54', '2017-08-27 02:19:12');
INSERT INTO `fb_clubs` VALUES ('105', '14', '12', 'เยอรมัน', '20170830025235.png', '1', '7', '3', '1', null, null, '2013-03-21 23:40:23', '2017-08-30 02:52:35');
INSERT INTO `fb_clubs` VALUES ('106', '14', '12', 'ซานมาริโน่', '20170827022632.png', '1', null, null, null, null, null, '2013-03-21 23:46:13', '2017-08-27 02:26:32');
INSERT INTO `fb_clubs` VALUES ('107', '14', '12', 'อังกฤษ', '20170829032829.png', '1', '1', '3', '4', null, null, '2013-03-21 23:46:36', '2017-08-29 03:28:29');
INSERT INTO `fb_clubs` VALUES ('108', '14', '12', 'อุรุกวัย', '20170829033929.png', '1', '6', '3', '2', null, null, '2013-03-21 23:47:02', '2017-08-29 03:39:29');
INSERT INTO `fb_clubs` VALUES ('109', '14', '12', 'ปารากวัย', '20170828035859.png', '1', null, null, null, null, null, '2013-03-21 23:47:27', '2017-08-28 03:58:59');
INSERT INTO `fb_clubs` VALUES ('110', '14', '12', 'ฮอลแลนด์', '20170829034154.png', '1', '9', '3', '1', null, null, '2013-03-22 00:00:40', '2017-08-29 03:41:54');
INSERT INTO `fb_clubs` VALUES ('111', '14', '12', 'เอสโตเนีย', '20170830025707.png', '1', null, null, null, null, null, '2013-03-22 00:01:07', '2017-08-30 02:57:07');
INSERT INTO `fb_clubs` VALUES ('112', '14', '12', 'เช็ก', '20170829034706.png', '1', null, null, null, null, null, '2013-03-22 00:01:35', '2017-08-29 03:47:06');
INSERT INTO `fb_clubs` VALUES ('113', '14', '12', 'เดนมาร์ก', '20170829034854.png', '1', null, null, null, null, null, '2013-03-22 00:02:04', '2017-08-29 03:48:54');
INSERT INTO `fb_clubs` VALUES ('114', '14', '12', 'อาร์เจนติน่า', '20170829033114.png', '1', '9', '3', '1', null, null, '2013-03-22 00:02:39', '2017-08-29 03:31:14');
INSERT INTO `fb_clubs` VALUES ('115', '14', '12', 'เวเนซุเอลา', '20170830025539.png', '1', null, null, null, null, null, '2013-03-22 00:03:33', '2017-08-30 02:55:39');
INSERT INTO `fb_clubs` VALUES ('116', '14', '12', 'อิสราเอล', '20170829033622.png', '1', null, null, null, null, null, '2013-03-22 00:17:59', '2017-08-29 03:36:22');
INSERT INTO `fb_clubs` VALUES ('117', '14', '12', 'โปรตุเกส', '20170830031041.png', '1', '4', '3', '3', null, null, '2013-03-22 00:18:36', '2017-08-30 03:10:41');
INSERT INTO `fb_clubs` VALUES ('118', '14', '12', 'รัสเซีย', '20170828041345.png', '1', '2', '3', '3', null, null, '2013-03-25 04:08:20', '2017-08-28 04:13:45');
INSERT INTO `fb_clubs` VALUES ('119', '14', '12', 'ออสเตรีย', '20170829032627.png', '1', null, null, null, null, null, '2013-03-25 04:17:41', '2017-08-29 03:26:27');
INSERT INTO `fb_clubs` VALUES ('120', '14', '12', 'อาเซอร์ไบจาน', '20170829033249.png', '1', null, null, null, null, null, '2013-03-25 23:04:21', '2017-08-29 03:32:49');
INSERT INTO `fb_clubs` VALUES ('121', '14', '12', 'มอนเตเนโกร', '20170828040258.png', '1', null, null, null, null, null, '2013-03-25 23:07:08', '2017-08-28 04:02:58');
INSERT INTO `fb_clubs` VALUES ('122', '14', '12', 'ฝรั่งเศส', '20170828035949.png', '1', '7', '3', '1', null, null, '2013-03-25 23:10:43', '2017-08-28 03:59:49');
INSERT INTO `fb_clubs` VALUES ('123', '14', '12', 'สเปน', '20170828042323.png', '1', '3', '3', '3', null, null, '2013-03-25 23:11:05', '2017-08-28 04:23:23');
INSERT INTO `fb_clubs` VALUES ('124', '14', '12', 'โคลอมเบีย', '20170830030733.png', '1', null, null, null, null, null, '2013-03-25 23:14:22', '2017-08-30 03:07:33');
INSERT INTO `fb_clubs` VALUES ('125', '15', '16', 'โปลิศ เทโร เอฟซี', '20160919152557.png', '1', null, null, null, null, null, '2013-03-28 01:21:21', '2018-02-17 12:18:30');
INSERT INTO `fb_clubs` VALUES ('126', '15', '16', 'เอสซีจี เมืองทองฯ ยูไนเต็ด', '20160919152746.png', '1', null, null, null, null, null, '2013-03-28 01:21:39', '2016-09-19 15:27:46');
INSERT INTO `fb_clubs` VALUES ('127', '15', '16', 'ศรีสะเกษ เอฟซี', '20170127144333.png', '1', null, null, null, null, null, '2013-03-29 02:46:33', '2017-01-27 14:43:33');
INSERT INTO `fb_clubs` VALUES ('128', '15', '16', 'บุรีรัมย์ ยูไนเต็ด', '20170105133036.png', '1', null, null, null, null, null, '2013-03-29 02:47:43', '2017-01-05 13:30:36');
INSERT INTO `fb_clubs` VALUES ('129', '15', '16', 'ทีโอที เอสซี', '20130329144824.png', '1', null, null, null, null, null, '2013-03-29 02:48:24', null);
INSERT INTO `fb_clubs` VALUES ('130', '15', '16', 'ซุปเปอร์ พาวเวอร์ สมุทรปราการ', '20160919152826.png', '1', null, null, null, null, null, '2013-03-29 02:48:57', '2016-09-19 15:28:26');
INSERT INTO `fb_clubs` VALUES ('131', '15', '16', 'แบงค็อก ยูไนเต็ด', '20160917111046.png', '1', null, null, null, null, null, '2013-03-29 02:49:20', '2016-09-17 11:10:46');
INSERT INTO `fb_clubs` VALUES ('132', '15', '16', 'สงขลา ยูไนเต็ด', '20130329144950.png', '1', null, null, null, null, null, '2013-03-29 02:49:50', null);
INSERT INTO `fb_clubs` VALUES ('133', '15', '16', 'พัทยา ยูไนเต็ด', '20160919152620.png', '1', null, null, null, null, null, '2013-03-29 02:50:57', '2016-09-19 15:26:21');
INSERT INTO `fb_clubs` VALUES ('134', '15', '16', 'อาร์มี่ ยูไนเต็ด', '20160919152717.png', '1', null, null, null, null, null, '2013-03-29 02:51:47', '2016-09-19 15:27:17');
INSERT INTO `fb_clubs` VALUES ('135', '15', '16', 'สุพรรณบุรี เอฟซี', '20160919152707.png', '1', null, null, null, null, null, '2013-03-29 02:52:47', '2016-09-19 15:27:07');
INSERT INTO `fb_clubs` VALUES ('136', '15', '16', 'สมุทรสงคราม เอฟซี', '20130329145313.png', '1', null, null, null, null, null, '2013-03-29 02:53:13', null);
INSERT INTO `fb_clubs` VALUES ('137', '15', '16', 'ชัยนาท เอฟซี', '20160919152546.png', '1', null, null, null, null, null, '2013-03-29 02:53:34', '2016-09-19 15:25:46');
INSERT INTO `fb_clubs` VALUES ('138', '15', '16', 'เชียงราย ยูไนเต็ด', '20160919152732.png', '1', null, null, null, null, null, '2013-03-29 02:54:43', '2016-09-19 15:27:32');
INSERT INTO `fb_clubs` VALUES ('139', '15', '16', 'ราชบุรี มิตรผล เอฟซี ', '20160919152634.png', '1', null, null, null, null, null, '2013-03-29 02:55:04', '2016-09-19 15:26:34');
INSERT INTO `fb_clubs` VALUES ('140', '15', '16', 'ชลบุรี เอฟซี ', '20140209130109.png', '1', null, null, null, null, null, '2013-03-29 02:55:33', '2014-02-09 13:01:09');
INSERT INTO `fb_clubs` VALUES ('141', '15', '16', 'บางกอกกล๊าส เอฟซี', '20180217122346.png', '1', null, null, null, null, null, '2013-03-29 02:56:29', '2018-02-17 12:23:46');
INSERT INTO `fb_clubs` VALUES ('142', '15', '16', 'อินทรีเพื่อนตำรวจ', '20130329145654.png', '1', null, null, null, null, null, '2013-03-29 02:56:54', null);
INSERT INTO `fb_clubs` VALUES ('143', '14', '13', 'คาชิมา แอนท์เลอร์ส  ', '20161128124854.png', '1', null, null, null, null, null, '2013-04-01 00:39:21', '2017-01-24 11:25:03');
INSERT INTO `fb_clubs` VALUES ('144', '6', '5', 'แฟร้งค์เฟิร์ต', '20160919150353.png', '1', '23', '17', '9', null, null, '2013-04-01 03:47:36', '2016-09-19 15:03:53');
INSERT INTO `fb_clubs` VALUES ('145', '6', '5', 'ชาลเก้ 04', '20130401155302.png', '1', '27', '17', '5', null, null, '2013-04-01 03:53:02', '2014-12-22 12:43:44');
INSERT INTO `fb_clubs` VALUES ('146', '6', '5', 'เบรเมน', '20160917101415.png', '1', '2', '17', '11', null, null, '2013-04-01 03:56:13', '2016-09-17 10:14:15');
INSERT INTO `fb_clubs` VALUES ('147', '6', '5', 'ไมนซ์ 05', '20130401155825.png', '1', '16', '17', '11', null, null, '2013-04-01 03:58:25', '2014-12-22 12:43:44');
INSERT INTO `fb_clubs` VALUES ('148', '6', '5', 'สตุ๊ตการ์ท', '20161025174038.png', '1', '1', '17', '13', null, null, '2013-04-01 04:23:09', '2016-10-25 17:40:38');
INSERT INTO `fb_clubs` VALUES ('149', '6', '5', 'กลัดบัค', '20160917102059.png', '1', '27', '17', '4', null, null, '2013-04-01 04:34:21', '2016-09-17 10:20:59');
INSERT INTO `fb_clubs` VALUES ('150', '6', '5', 'เอาก์สบวร์ก', '20160918093209.png', '1', '27', '17', '6', null, null, '2013-04-01 04:39:30', '2016-09-18 09:32:09');
INSERT INTO `fb_clubs` VALUES ('151', '6', '5', 'ดุสเซลดอร์ฟ', '20181102153310.png', '1', '0', '0', '20', null, null, '2013-04-01 04:40:33', '2018-11-02 15:33:10');
INSERT INTO `fb_clubs` VALUES ('152', '6', '5', 'ฮอฟเฟ่นไฮม์', '20160919150317.png', '1', '26', '17', '7', null, null, '2013-04-01 04:42:45', '2016-09-19 15:03:17');
INSERT INTO `fb_clubs` VALUES ('153', '6', '13', 'เนิร์นแบร์ก', '20130401164335.png', '1', '23', '34', '17', null, null, '2013-04-01 04:43:35', '2014-07-15 17:34:43');
INSERT INTO `fb_clubs` VALUES ('154', '6', '5', 'ฮันโนเวอร์', '20160301165609.png', '1', '24', '17', '8', null, null, '2013-04-01 04:44:19', '2016-03-01 16:56:09');
INSERT INTO `fb_clubs` VALUES ('155', '6', '5', 'ฮัมบูร์ก', '20160919150330.png', '1', '0', '17', '14', null, null, '2013-04-01 04:45:04', '2016-09-19 15:03:30');
INSERT INTO `fb_clubs` VALUES ('156', '14', '13', 'กรอยเธอร์ เฟือร์ธ', '20130401164551.png', '1', '0', '0', '19', null, null, '2013-04-01 04:45:51', '2013-08-20 10:04:27');
INSERT INTO `fb_clubs` VALUES ('157', '7', '4', 'ปารีส แซงต์ แชร์กแมง', '20130401171503.png', '1', '44', '22', '3', null, null, '2013-04-01 05:15:03', '2015-01-26 16:33:40');
INSERT INTO `fb_clubs` VALUES ('158', '7', '4', 'บอร์กโดซ์', '20160919131342.png', '1', '33', '22', '7', null, null, '2013-04-01 05:20:03', '2016-09-19 13:13:42');
INSERT INTO `fb_clubs` VALUES ('159', '7', '4', 'ลอริยองต์', '20160919131036.png', '1', '7', '22', '14', null, null, '2013-04-01 05:20:58', '2016-09-19 13:10:36');
INSERT INTO `fb_clubs` VALUES ('160', '7', '13', 'โซโชซ์', '20170110135637.png', '1', '25', '38', '19', null, null, '2013-04-01 05:21:52', '2017-01-10 13:56:37');
INSERT INTO `fb_clubs` VALUES ('161', '7', '4', 'มงต์เปลลิเย่ร์', '20160919131410.png', '1', '35', '22', '6', null, null, '2013-04-01 05:22:37', '2016-09-19 13:14:10');
INSERT INTO `fb_clubs` VALUES ('162', '7', '4', 'นีซ', '20160919131620.png', '1', '31', '22', '8', null, null, '2013-04-01 05:23:10', '2016-09-19 13:16:20');
INSERT INTO `fb_clubs` VALUES ('163', '7', '4', 'มาร์กเซย', '20160919131643.png', '1', '44', '22', '2', null, null, '2013-04-01 05:23:36', '2016-09-19 13:16:43');
INSERT INTO `fb_clubs` VALUES ('164', '14', '13', 'แบรสต์', '20130401172417.png', '1', '0', '1', '21', null, null, '2013-04-01 05:24:17', '2013-08-25 12:29:17');
INSERT INTO `fb_clubs` VALUES ('165', '7', '4', 'แรนส์', '20160919131133.png', '1', '30', '22', '10', null, null, '2013-04-01 05:24:51', '2016-09-19 13:11:33');
INSERT INTO `fb_clubs` VALUES ('166', '7', '13', 'วาล็องเซียนส์', '20130401172527.png', '1', '28', '38', '18', null, null, '2013-04-01 05:25:27', '2014-07-16 11:04:44');
INSERT INTO `fb_clubs` VALUES ('167', '7', '13', 'อฌักซิโอ้', '20130401172600.png', '1', '18', '38', '20', null, null, '2013-04-01 05:26:00', '2014-07-16 11:05:22');
INSERT INTO `fb_clubs` VALUES ('168', '14', '13', 'น็องซี่', '20130401172622.png', '1', '0', '1', '23', null, null, '2013-04-01 05:26:22', '2013-08-25 12:30:06');
INSERT INTO `fb_clubs` VALUES ('169', '7', '4', 'แซงต์ เอเตียน', '20160919130912.png', '1', '40', '22', '4', null, null, '2013-04-01 05:26:50', '2016-09-19 13:09:12');
INSERT INTO `fb_clubs` VALUES ('170', '7', '4', 'ทรัวส์', '20171220213152.png', '1', '0', '1', '22', null, null, '2013-04-01 05:27:11', '2017-12-20 21:31:52');
INSERT INTO `fb_clubs` VALUES ('171', '7', '4', 'เอวิย็อง', '20130401172737.png', '1', '0', '22', '20', null, null, '2013-04-01 05:27:37', '2015-01-26 16:33:40');
INSERT INTO `fb_clubs` VALUES ('172', '7', '4', 'ลีลล์', '20160919131433.png', '1', '15', '22', '11', null, null, '2013-04-01 05:27:57', '2016-09-19 13:14:33');
INSERT INTO `fb_clubs` VALUES ('173', '7', '4', 'ลียง', '20160927163012.png', '1', '48', '22', '1', null, null, '2013-04-01 05:28:30', '2016-09-27 16:30:12');
INSERT INTO `fb_clubs` VALUES ('174', '7', '4', 'บาสเตีย', '20160919131709.png', '1', '0', '22', '15', null, null, '2013-04-01 05:28:49', '2016-09-19 13:17:09');
INSERT INTO `fb_clubs` VALUES ('175', '7', '4', 'แร็งส์', '20130401172913.png', '1', '28', '22', '11', null, null, '2013-04-01 05:29:13', '2015-01-26 16:33:40');
INSERT INTO `fb_clubs` VALUES ('176', '7', '4', 'ตูลูส', '20160919131911.png', '1', '14', '22', '11', null, null, '2013-04-01 05:29:34', '2016-09-19 13:19:11');
INSERT INTO `fb_clubs` VALUES ('177', '14', '13', 'บาเซิ่ล', '20170912091655.png', '1', null, null, null, null, null, '2013-04-02 02:43:10', '2017-09-12 09:16:55');
INSERT INTO `fb_clubs` VALUES ('178', '13', '11', 'เบนฟิก้า', '20130402144340.jpg', '0', null, null, null, null, null, '2013-04-02 02:43:40', '2013-04-02 02:44:09');
INSERT INTO `fb_clubs` VALUES ('179', '14', '13', 'เฟเนร์บาห์เช่', '20160929144557.png', '1', null, null, null, null, null, '2013-04-02 02:44:43', '2016-09-29 14:45:57');
INSERT INTO `fb_clubs` VALUES ('180', '14', '13', 'กว่างโจว เอเวอร์แกรนด์', '20180214155118.png', '1', null, null, null, null, null, '2013-04-02 23:17:36', '2018-02-14 15:51:18');
INSERT INTO `fb_clubs` VALUES ('181', '14', '12', 'โบลิเวีย', '20170830030928.png', '1', null, null, null, null, null, '2013-04-05 02:53:23', '2017-08-30 03:09:28');
INSERT INTO `fb_clubs` VALUES ('182', '9', '7', 'เซลต้า บีโก้', '20160918085808.png', '1', '21', '20', '11', null, null, '2013-04-05 04:54:57', '2016-09-18 08:58:08');
INSERT INTO `fb_clubs` VALUES ('183', '9', '7', 'โอซาซูน่า', '20160918094556.png', '1', '29', '38', '16', null, null, '2013-04-05 04:55:38', '2016-09-18 09:45:56');
INSERT INTO `fb_clubs` VALUES ('184', '14', '13', 'เรอัล มายอร์ก้า', '20130405165613.png', '1', '0', '0', '21', null, null, '2013-04-05 04:56:13', '2013-08-20 09:54:57');
INSERT INTO `fb_clubs` VALUES ('185', '14', '13', 'เดปอร์ติโบ ลา คอรุนญ่า', '20130418101044.png', '1', '0', '0', '22', null, null, '2013-04-17 21:56:31', '2013-08-20 09:55:17');
INSERT INTO `fb_clubs` VALUES ('186', '9', '7', 'แอธเลติก บิลเบา', '20161103161638.png', '1', '19', '20', '11', null, null, '2013-04-17 21:58:05', '2016-11-03 16:16:38');
INSERT INTO `fb_clubs` VALUES ('187', '9', '7', 'เซบีย่า', '20160917101605.png', '1', '39', '19', '5', null, null, '2013-04-17 22:07:22', '2016-09-17 10:16:05');
INSERT INTO `fb_clubs` VALUES ('188', '11', '21', 'บุนยอดคอร์', '20130521104435.png', '1', null, null, null, null, null, '2013-04-23 01:55:46', '2013-05-20 22:44:35');
INSERT INTO `fb_clubs` VALUES ('189', '14', '13', 'ซานเฟรซ ฮิโรชิม่า', '20170202200125.png', '1', null, null, null, null, null, '2013-04-23 01:56:18', '2017-02-02 20:01:26');
INSERT INTO `fb_clubs` VALUES ('190', '21', '22', 'มอนเทอร์เรย์', '20130430101345.jpg', '1', null, null, null, null, null, '2013-04-29 22:13:45', null);
INSERT INTO `fb_clubs` VALUES ('191', '21', '22', 'ซานโตส ลากูน่า', '20130430102234.png', '1', null, null, null, null, null, '2013-04-29 22:22:34', null);
INSERT INTO `fb_clubs` VALUES ('192', '9', '13', 'เรอัล บายาโดลิด', '20130511213633.png', '1', '27', '37', '18', null, null, '2013-05-11 09:36:33', '2014-07-15 17:40:54');
INSERT INTO `fb_clubs` VALUES ('193', '22', '23', 'พัลไมรัส', '20130514114632.png', '1', null, null, null, null, null, '2013-05-13 23:46:32', null);
INSERT INTO `fb_clubs` VALUES ('194', '22', '23', 'ติกัวน่า', '20130514114831.png', '1', null, null, null, null, null, '2013-05-13 23:48:31', '2013-05-14 05:35:01');
INSERT INTO `fb_clubs` VALUES ('195', '22', '23', 'โครินเธียนส์', '20130514115538.png', '1', null, null, null, null, null, '2013-05-13 23:55:38', null);
INSERT INTO `fb_clubs` VALUES ('196', '22', '23', 'โบคา จูเนียร์ส', '20130514115613.png', '1', null, null, null, null, null, '2013-05-13 23:56:13', null);
INSERT INTO `fb_clubs` VALUES ('197', '11', '24', 'นิว เรเดียนท์ เอสซี', '20130515113957.png', '1', null, null, null, null, null, '2013-05-14 23:39:57', '2013-05-14 23:43:01');
INSERT INTO `fb_clubs` VALUES ('198', '11', '24', 'เซลังงอร์', '20130515114045.png', '1', null, null, null, null, null, '2013-05-14 23:40:45', '2013-05-14 23:44:22');
INSERT INTO `fb_clubs` VALUES ('199', '14', '13', 'คาชิว่า เรย์โซล', '20130520160143.png', '1', null, null, null, null, null, '2013-05-20 04:01:43', '2017-01-24 11:25:13');
INSERT INTO `fb_clubs` VALUES ('200', '11', '21', 'ชุนบุค ฮุนได มอเตอร์ส', '20130520160227.png', '1', null, null, null, null, null, '2013-05-20 04:02:27', '2013-05-21 22:48:42');
INSERT INTO `fb_clubs` VALUES ('201', '11', '21', 'เซ็นทรัล โคสต์', '20130520160320.png', '1', null, null, null, null, null, '2013-05-20 04:03:20', null);
INSERT INTO `fb_clubs` VALUES ('202', '11', '21', 'เอฟซี โซล', '20130520160419.png', '1', null, null, null, null, null, '2013-05-20 04:04:19', null);
INSERT INTO `fb_clubs` VALUES ('203', '14', '13', 'ปักกิ่ง กั๋วอัน', '20130520160819.png', '1', null, null, null, null, null, '2013-05-20 04:08:19', '2014-02-15 09:59:05');
INSERT INTO `fb_clubs` VALUES ('204', '4', '2', 'วัตฟอร์ด', '20170810161639.png', '1', null, null, null, null, null, '2013-05-26 22:26:55', '2017-08-10 16:16:39');
INSERT INTO `fb_clubs` VALUES ('205', '4', '2', 'คริสตัล พาเลซ', '20160918093112.png', '1', '8', '22', '11', null, null, '2013-05-26 22:27:27', '2016-09-18 09:31:12');
INSERT INTO `fb_clubs` VALUES ('206', '14', '12', 'ไอร์แลนด์', '20170827025757.png', '1', null, null, null, null, null, '2013-05-28 20:51:37', '2017-08-27 02:57:57');
INSERT INTO `fb_clubs` VALUES ('207', '14', '12', 'เม็กซิโก', '20170830025106.png', '1', '7', '3', '2', null, null, '2013-05-28 22:06:51', '2017-08-30 02:51:06');
INSERT INTO `fb_clubs` VALUES ('208', '14', '12', 'ไนจีเรีย', '20170827025610.png', '1', '4', '3', '2', null, null, '2013-05-28 22:07:22', '2017-08-27 02:56:10');
INSERT INTO `fb_clubs` VALUES ('209', '14', '12', 'เบลเยี่ยม', '20170829035107.png', '1', '9', '3', '1', null, null, '2013-05-28 22:19:54', '2017-08-29 03:51:08');
INSERT INTO `fb_clubs` VALUES ('210', '14', '12', 'เบลเยี่ยม', '20130529113209.png', '0', null, null, null, null, null, '2013-05-28 22:32:09', '2013-05-28 22:32:19');
INSERT INTO `fb_clubs` VALUES ('211', '14', '12', 'ดีอาร์ คองโก', '20170827023103.png', '1', null, null, null, null, null, '2013-05-29 21:16:58', '2017-08-27 02:31:03');
INSERT INTO `fb_clubs` VALUES ('212', '14', '12', 'สหรัฐอเมริกา', '20170828042146.png', '1', '4', '3', '2', null, null, '2013-05-29 21:20:45', '2017-08-28 04:21:46');
INSERT INTO `fb_clubs` VALUES ('213', '14', '12', 'เกาหลีใต้', '20170829034458.png', '1', '1', '3', '4', null, null, '2013-05-29 21:22:37', '2017-08-29 03:44:58');
INSERT INTO `fb_clubs` VALUES ('214', '22', '23', 'อัตเลติโก มิเนโร่', '20130530111043.png', '1', null, null, null, null, null, '2013-05-29 22:10:43', '2013-07-17 09:56:42');
INSERT INTO `fb_clubs` VALUES ('215', '14', '12', 'นอร์เวย์', '20170827024411.png', '1', null, null, null, null, null, '2013-06-02 22:16:54', '2017-08-27 02:44:11');
INSERT INTO `fb_clubs` VALUES ('216', '14', '12', 'จาเมกา', '20170827022354.png', '1', null, null, null, null, null, '2013-06-03 23:41:02', '2017-08-27 02:23:54');
INSERT INTO `fb_clubs` VALUES ('217', '14', '12', 'อินโดนีเซีย', '20170829033445.png', '1', null, null, null, null, null, '2013-06-05 22:06:01', '2017-08-29 03:34:45');
INSERT INTO `fb_clubs` VALUES ('218', '14', '12', 'เปรู', '20170829035155.png', '1', null, null, null, null, null, '2013-06-09 22:55:41', '2017-08-29 03:51:55');
INSERT INTO `fb_clubs` VALUES ('219', '14', '12', 'เอกวาดอร์', '20170830032722.png', '1', '4', '3', '3', null, null, '2013-06-09 22:58:20', '2017-08-30 03:27:22');
INSERT INTO `fb_clubs` VALUES ('220', '14', '12', 'คอสตาริกา', '20170827021816.png', '1', '7', '3', '1', null, null, '2013-06-09 22:59:46', '2017-08-27 02:18:16');
INSERT INTO `fb_clubs` VALUES ('221', '14', '12', 'ตาฮิติ', '20170827023802.png', '1', null, null, null, null, null, '2013-06-14 00:52:29', '2017-08-27 02:38:02');
INSERT INTO `fb_clubs` VALUES ('222', '14', '12', 'ญี่ปุ่น', '20170827022939.png', '1', '1', '3', '4', null, null, '2013-06-14 00:54:37', '2017-08-27 02:29:39');
INSERT INTO `fb_clubs` VALUES ('223', '14', '12', 'ชิลี', '20170827022535.png', '1', '6', '3', '2', null, null, '2013-06-19 23:12:54', '2017-08-27 02:25:35');
INSERT INTO `fb_clubs` VALUES ('224', '14', '12', 'คิวบา', '20170827022053.png', '1', null, null, null, null, null, '2013-06-19 23:14:23', '2017-08-27 02:20:53');
INSERT INTO `fb_clubs` VALUES ('225', '14', '12', 'เอลซัลวาดอร์', '20170830025622.png', '1', null, null, null, null, null, '2013-06-19 23:15:52', '2017-08-30 02:56:22');
INSERT INTO `fb_clubs` VALUES ('226', '14', '12', 'อียิปต์', '20170829033757.png', '1', null, null, null, null, null, '2013-06-19 23:18:39', '2017-08-29 03:37:57');
INSERT INTO `fb_clubs` VALUES ('227', '14', '12', 'กาน่า', '20170827021717.png', '1', '1', '3', '4', null, null, '2013-06-19 23:21:25', '2017-08-27 02:17:17');
INSERT INTO `fb_clubs` VALUES ('228', '14', '12', 'อิรัก', '20170829033535.png', '1', null, null, null, null, null, '2013-06-19 23:24:13', '2017-08-29 03:35:35');
INSERT INTO `fb_clubs` VALUES ('229', '14', '12', 'มาลี', '20170828040734.png', '1', null, null, null, null, null, '2013-06-19 23:25:24', '2017-08-28 04:07:34');
INSERT INTO `fb_clubs` VALUES ('230', '14', '12', 'นิวซีแลนด์', '20170827024506.png', '1', null, null, null, null, null, '2013-06-19 23:26:42', '2017-08-27 02:45:06');
INSERT INTO `fb_clubs` VALUES ('231', '14', '12', 'ตุรกี', '20170827024312.png', '1', null, null, null, null, null, '2013-06-19 23:28:06', '2017-08-27 02:43:12');
INSERT INTO `fb_clubs` VALUES ('232', '14', '12', 'อุซเบกิสถาน', '20170829033844.png', '1', null, null, null, null, null, '2013-06-19 23:29:09', '2017-08-29 03:38:44');
INSERT INTO `fb_clubs` VALUES ('233', '14', '12', 'ออสเตรเลีย', '20170829032738.png', '1', '0', '3', '4', null, null, '2013-06-21 03:26:42', '2017-08-29 03:27:38');
INSERT INTO `fb_clubs` VALUES ('234', '14', '12', 'กรีซ', '20170827021114.png', '1', '4', '3', '2', null, null, '2013-06-27 20:32:52', '2017-08-27 02:11:15');
INSERT INTO `fb_clubs` VALUES ('235', '22', '23', 'ซานตา เฟ่', '20130701111453.png', '1', null, null, null, null, null, '2013-06-30 22:14:53', null);
INSERT INTO `fb_clubs` VALUES ('236', '22', '23', 'นีเวลล์ส โอลด์ บอยส์', '20130701112814.png', '1', null, null, null, null, null, '2013-06-30 22:28:14', null);
INSERT INTO `fb_clubs` VALUES ('237', '22', '23', 'โอลิมเปีย', '20130702102031.png', '1', null, null, null, null, null, '2013-07-02 10:20:31', null);
INSERT INTO `fb_clubs` VALUES ('238', '14', '12', 'มาร์ตินีก', '20170828040646.png', '1', null, null, null, null, null, '2013-07-05 11:32:07', '2017-08-28 04:06:46');
INSERT INTO `fb_clubs` VALUES ('239', '14', '12', 'เฮติ', '20170830030144.png', '1', null, null, null, null, null, '2013-07-05 11:32:55', '2017-08-30 03:01:44');
INSERT INTO `fb_clubs` VALUES ('240', '14', '12', 'ตรินิแดด & โตเบโก', '20170827023152.png', '1', null, null, null, null, null, '2013-07-05 11:34:35', '2017-08-27 02:31:52');
INSERT INTO `fb_clubs` VALUES ('241', '14', '12', 'เบลีซ', '20170829035021.png', '1', null, null, null, null, null, '2013-07-05 11:35:01', '2017-08-29 03:50:21');
INSERT INTO `fb_clubs` VALUES ('242', '14', '12', 'ฮอนดูรัส', '20170829034103.png', '1', '0', '3', '4', null, null, '2013-07-05 11:36:15', '2017-08-29 03:41:03');
INSERT INTO `fb_clubs` VALUES ('243', '14', '12', 'แคนาดา', '20170830030230.png', '1', null, null, null, null, null, '2013-07-05 11:38:32', '2017-08-30 03:02:30');
INSERT INTO `fb_clubs` VALUES ('244', '14', '12', 'ปานามา', '20170827025050.png', '1', null, null, null, null, null, '2013-07-05 11:39:33', '2017-08-27 02:50:50');
INSERT INTO `fb_clubs` VALUES ('245', '16', '17', ' อุราวะ เร้ด ไดมอนด์ส', '20130717095042.png', '1', null, null, null, null, null, '2013-07-17 09:50:42', null);
INSERT INTO `fb_clubs` VALUES ('246', '14', '13', 'โยโกฮาม่า มารินอส', '20130717095145.png', '1', null, null, null, null, null, '2013-07-17 09:51:45', '2017-01-24 11:24:40');
INSERT INTO `fb_clubs` VALUES ('247', '14', '12', 'ไอซ์แลนด์', '20170827025704.png', '1', null, null, null, null, null, '2013-07-21 12:34:00', '2017-08-27 02:57:04');
INSERT INTO `fb_clubs` VALUES ('248', '14', '12', 'สวีเดน', '20170828042058.png', '1', null, null, null, null, null, '2013-07-21 12:38:35', '2017-08-28 04:20:58');
INSERT INTO `fb_clubs` VALUES ('249', '16', '17', 'นาโกย่า แกรมปัส เอต', '20130722033643.png', '1', null, null, null, null, null, '2013-07-22 03:36:43', null);
INSERT INTO `fb_clubs` VALUES ('250', '14', '13', 'เมลเบิร์น วิคตอรี่', '20130723113848.png', '1', null, null, null, null, null, '2013-07-23 11:38:48', '2013-08-09 10:33:48');
INSERT INTO `fb_clubs` VALUES ('251', '14', '13', 'เซาท์ ไชน่า', '20130723115611.png', '1', null, null, null, null, null, '2013-07-23 11:56:11', '2013-07-24 12:29:49');
INSERT INTO `fb_clubs` VALUES ('252', '14', '12', 'ไทย', '20170830031615.png', '1', null, null, null, null, null, '2013-07-26 10:20:30', '2017-08-30 03:16:15');
INSERT INTO `fb_clubs` VALUES ('253', '14', '13', 'แอลเอ กาแล็กซี่', '20130731121531.png', '1', null, null, null, null, null, '2013-07-31 12:15:31', null);
INSERT INTO `fb_clubs` VALUES ('254', '14', '13', 'วาเลเรนก้า', '20130806113212.png', '1', null, null, null, null, null, '2013-08-06 11:32:12', '2013-08-06 11:34:07');
INSERT INTO `fb_clubs` VALUES ('255', '7', '4', 'โมนาโก', '20160919131456.png', '1', '39', '22', '5', null, null, '2013-08-08 17:14:01', '2016-09-19 13:14:56');
INSERT INTO `fb_clubs` VALUES ('256', '4', '26', 'เลสเตอร์ ซิตี้', '20130808172951.png', '0', null, null, null, null, null, '2013-08-08 17:29:51', '2013-12-17 10:55:54');
INSERT INTO `fb_clubs` VALUES ('257', '14', '13', 'ลีดส์ ยูไนเต็ด', '20161014172554.png', '1', null, null, null, null, null, '2013-08-08 17:30:32', '2016-10-14 17:25:54');
INSERT INTO `fb_clubs` VALUES ('258', '7', '4', 'แก็งก็อง', '20160919131315.png', '1', '0', '22', '13', null, null, '2013-08-08 17:43:39', '2016-09-19 13:13:15');
INSERT INTO `fb_clubs` VALUES ('259', '14', '12', 'มาเลเซีย', '20170828040923.png', '1', null, null, null, null, null, '2013-08-09 10:25:59', '2017-08-28 04:09:23');
INSERT INTO `fb_clubs` VALUES ('260', '14', '12', 'ไอวอรี่โคสต์', '20170827030419.png', '1', '3', '3', '3', null, null, '2013-08-14 11:13:51', '2017-08-27 03:04:19');
INSERT INTO `fb_clubs` VALUES ('261', '14', '13', 'คาร์ดิฟฟ์ ซิตี้', '20161014155630.png', '1', '25', '39', '18', null, null, '2013-08-15 17:03:28', '2016-10-14 15:56:30');
INSERT INTO `fb_clubs` VALUES ('262', '4', '2', 'ฮัลล์ ซิตี้', '20161228174538.png', '1', '11', '22', '11', null, null, '2013-08-15 17:15:07', '2016-12-28 17:45:38');
INSERT INTO `fb_clubs` VALUES ('263', '5', '13', 'ลิวอร์โน่', '20130820095151.png', '1', '24', '38', '18', null, null, '2013-08-20 09:51:51', '2014-07-16 10:57:34');
INSERT INTO `fb_clubs` VALUES ('264', '5', '3', 'เวโรน่า', '20170806160415.png', '1', '14', '20', '11', null, null, '2013-08-20 09:52:28', '2017-08-06 16:04:15');
INSERT INTO `fb_clubs` VALUES ('265', '5', '3', 'ซาสซูโอโล่', '20160919132905.png', '1', '19', '20', '11', null, null, '2013-08-20 09:52:54', '2016-09-19 13:29:05');
INSERT INTO `fb_clubs` VALUES ('266', '9', '7', 'อัลเมเรีย', '20140911141422.png', '1', '9', '20', '11', null, null, '2013-08-20 10:01:58', '2015-01-26 16:31:49');
INSERT INTO `fb_clubs` VALUES ('267', '14', '13', 'เอลเช่', '20130820100230.png', '1', '4', '20', '11', null, null, '2013-08-20 10:02:30', '2017-11-28 07:46:51');
INSERT INTO `fb_clubs` VALUES ('268', '9', '7', 'บียาร์เรอัล', '20160918093804.png', '1', '38', '20', '6', null, null, '2013-08-20 10:02:58', '2016-09-18 09:38:04');
INSERT INTO `fb_clubs` VALUES ('269', '6', '5', 'แฮร์ธ่า เบอร์ลิน', '20160205155918.png', '1', '1', '17', '15', null, null, '2013-08-20 10:07:09', '2016-02-05 15:59:18');
INSERT INTO `fb_clubs` VALUES ('270', '6', '13', 'บราวน์ชไวก์', '20130820100738.png', '1', '18', '34', '18', null, null, '2013-08-20 10:07:38', '2014-07-15 17:34:23');
INSERT INTO `fb_clubs` VALUES ('271', '7', '4', 'น็องต์', '20160919131157.png', '1', '31', '22', '9', null, null, '2013-08-20 11:06:57', '2016-09-19 13:11:57');
INSERT INTO `fb_clubs` VALUES ('272', '14', '13', 'ชัคเตอร์ ซารากานดี้', '20130820112601.png', '1', null, null, null, null, null, '2013-08-20 11:26:01', null);
INSERT INTO `fb_clubs` VALUES ('273', '14', '13', 'พีเอสวี ไอนด์โฮเฟ่น', '20130820113352.png', '1', null, null, null, null, null, '2013-08-20 11:33:52', null);
INSERT INTO `fb_clubs` VALUES ('274', '11', '21', 'เอสเตกัล', '20130821105959.png', '1', null, null, null, null, null, '2013-08-21 10:59:59', null);
INSERT INTO `fb_clubs` VALUES ('275', '14', '13', 'ดินาโม มอสโก', '20130823100637.png', '1', null, null, null, null, null, '2013-08-23 10:06:37', '2013-08-30 14:03:29');
INSERT INTO `fb_clubs` VALUES ('276', '14', '13', 'เซนิต เซนต์ ปีเตอร์สเบิร์ก', '20160929144925.png', '1', null, null, null, null, null, '2013-08-23 10:08:11', '2016-09-29 14:49:25');
INSERT INTO `fb_clubs` VALUES ('277', '14', '13', 'ลูโดโกเร็ตส์', '20130827104830.png', '1', null, null, null, null, null, '2013-08-27 10:48:30', null);
INSERT INTO `fb_clubs` VALUES ('278', '14', '13', 'ปากอส เฟเรยร่า', '20130828105400.png', '1', null, null, null, null, null, '2013-08-28 10:54:00', null);
INSERT INTO `fb_clubs` VALUES ('279', '14', '13', 'ดินาโม ทบิลิซี่', '20130829105123.png', '1', null, null, null, null, null, '2013-08-29 09:42:38', '2013-08-29 10:51:23');
INSERT INTO `fb_clubs` VALUES ('280', '14', '13', 'เอฟเค รอสตอฟ', '20130830135228.png', '1', null, null, null, null, null, '2013-08-30 13:52:28', null);
INSERT INTO `fb_clubs` VALUES ('281', '14', '13', 'คัมบูร์', '20130830135719.png', '1', null, null, null, null, null, '2013-08-30 13:55:47', '2013-08-30 13:57:19');
INSERT INTO `fb_clubs` VALUES ('282', '14', '12', 'บัลแกเรีย', '20170827024842.png', '1', null, null, null, null, null, '2013-09-04 17:33:43', '2017-08-27 02:48:42');
INSERT INTO `fb_clubs` VALUES ('283', '14', '12', 'ฟินแลนด์', '20170828040036.png', '1', null, null, null, null, null, '2013-09-04 17:39:08', '2017-08-28 04:00:36');
INSERT INTO `fb_clubs` VALUES ('284', '14', '12', 'มอลโดวา', '20170828040442.png', '1', null, null, null, null, null, '2013-09-05 11:26:41', '2017-08-28 04:04:42');
INSERT INTO `fb_clubs` VALUES ('285', '14', '12', 'เมียนมาร์', '20170830025148.png', '1', null, null, null, null, null, '2013-09-07 13:32:35', '2017-08-30 02:51:48');
INSERT INTO `fb_clubs` VALUES ('286', '14', '12', 'สิงคโปร์', '20170828042238.png', '1', null, null, null, null, null, '2013-09-07 13:33:29', '2017-08-28 04:22:38');
INSERT INTO `fb_clubs` VALUES ('287', '14', '12', 'ยูเครน', '20170828041143.png', '1', null, null, null, null, null, '2013-09-10 10:22:25', '2017-08-28 04:11:43');
INSERT INTO `fb_clubs` VALUES ('288', '11', '21', 'เลคห์วิย่า', '20130918094504.png', '1', null, null, null, null, null, '2013-09-18 09:45:05', null);
INSERT INTO `fb_clubs` VALUES ('289', '14', '13', ' ซูลเต้ วาเรเกม', '20130919101124.png', '1', null, null, null, null, null, '2013-09-19 10:11:24', '2015-05-08 15:18:08');
INSERT INTO `fb_clubs` VALUES ('290', '14', '13', 'เอสโตริล', '20130919101221.png', '1', null, null, null, null, null, '2013-09-19 10:12:21', null);
INSERT INTO `fb_clubs` VALUES ('291', '14', '13', 'ทรอมโซ่', '20130919110328.png', '1', null, null, null, null, null, '2013-09-19 11:03:28', null);
INSERT INTO `fb_clubs` VALUES ('292', '14', '13', 'สวินดอน', '20130924101724.png', '1', null, null, null, null, null, '2013-09-24 10:16:16', '2013-09-24 10:17:24');
INSERT INTO `fb_clubs` VALUES ('293', '14', '13', 'เฟเยนูร์ด', '20130929032448.png', '1', null, null, null, null, null, '2013-09-29 03:24:48', null);
INSERT INTO `fb_clubs` VALUES ('294', '14', '13', 'เดน ฮาก', '20161014160448.png', '1', null, null, null, null, null, '2013-09-29 03:25:15', '2016-10-14 16:04:48');
INSERT INTO `fb_clubs` VALUES ('295', '14', '13', 'ชัคเตอร์ โดเนทส์ค', '20161020122300.png', '1', null, null, null, null, null, '2013-10-02 09:37:02', '2016-10-20 12:23:00');
INSERT INTO `fb_clubs` VALUES ('296', '14', '13', 'วิคตอเรีย เพลเซ่น', '20161020124406.png', '1', null, null, null, null, null, '2013-10-02 09:56:20', '2016-10-20 12:44:06');
INSERT INTO `fb_clubs` VALUES ('297', '14', '13', 'ซีเอสเคเอ มอสโก', '20160927120219.png', '1', null, null, null, null, null, '2013-10-02 09:59:11', '2016-09-27 12:02:19');
INSERT INTO `fb_clubs` VALUES ('298', '14', '13', 'อันจิ มาคัชคาล่า', '20131003100316.png', '1', null, null, null, null, null, '2013-10-03 10:03:16', null);
INSERT INTO `fb_clubs` VALUES ('299', '14', '13', 'แซงต์ กัลเลน', '20131003100653.png', '1', null, null, null, null, null, '2013-10-03 10:06:53', null);
INSERT INTO `fb_clubs` VALUES ('300', '14', '13', 'มาริบอร์', '20171101152734.png', '1', null, null, null, null, null, '2013-10-03 10:10:00', '2017-11-01 15:27:34');
INSERT INTO `fb_clubs` VALUES ('301', '14', '13', 'อาร์เคซี วาลไวก์', '20131004104706.png', '1', null, null, null, null, null, '2013-10-04 10:47:06', null);
INSERT INTO `fb_clubs` VALUES ('302', '14', '12', 'โปแลนด์', '20170830031121.png', '1', null, null, null, null, null, '2013-10-14 09:57:39', '2017-08-30 03:11:21');
INSERT INTO `fb_clubs` VALUES ('303', '14', '12', 'แซมเบีย', '20170830030359.png', '1', null, null, null, null, null, '2013-10-14 10:07:10', '2017-08-30 03:03:59');
INSERT INTO `fb_clubs` VALUES ('304', '14', '12', 'ลิกเตนสไตน์', '20170828041719.png', '1', null, null, null, null, null, '2013-10-14 10:11:41', '2017-08-28 04:17:19');
INSERT INTO `fb_clubs` VALUES ('305', '14', '13', 'เชริฟฟ์', '20131024110348.png', '1', null, null, null, null, null, '2013-10-24 11:03:48', null);
INSERT INTO `fb_clubs` VALUES ('306', '14', '13', 'คูบาน คราสโนดาร์', '20131024110506.png', '1', null, null, null, null, null, '2013-10-24 11:05:06', null);
INSERT INTO `fb_clubs` VALUES ('307', '14', '13', 'อพอลลอน ลิมาสโซล', '20171207194927.png', '1', null, null, null, null, null, '2013-10-24 11:08:28', '2017-12-07 19:49:27');
INSERT INTO `fb_clubs` VALUES ('308', '14', '13', 'เฮราเคิ่ลส์', '20160918091747.png', '1', null, null, null, null, null, '2013-10-27 03:13:39', '2016-09-18 09:17:47');
INSERT INTO `fb_clubs` VALUES ('309', '14', '13', 'คราสโนดาร์', '20161020123709.png', '1', null, null, null, null, null, '2013-10-27 03:16:46', '2016-10-20 12:37:09');
INSERT INTO `fb_clubs` VALUES ('310', '14', '13', 'วิเทสส์', '20131102110813.png', '0', null, null, null, null, null, '2013-11-02 11:08:13', '2014-01-31 11:51:16');
INSERT INTO `fb_clubs` VALUES ('311', '14', '13', 'ซโวลล์', '20160924161026.png', '1', null, null, null, null, null, '2013-11-02 11:09:11', '2016-09-24 16:10:26');
INSERT INTO `fb_clubs` VALUES ('312', '14', '13', 'อาแจ็กซ์', '20161028163400.png', '1', null, null, null, null, null, '2013-11-02 11:13:37', '2016-10-28 16:34:00');
INSERT INTO `fb_clubs` VALUES ('313', '14', '13', 'ปอร์โต้', '20160927120353.png', '1', null, null, null, null, null, '2013-11-06 11:26:24', '2016-09-27 12:03:53');
INSERT INTO `fb_clubs` VALUES ('314', '14', '13', 'เบรด้า', '20131110135231.png', '1', null, null, null, null, null, '2013-11-10 13:06:36', '2013-11-10 13:52:31');
INSERT INTO `fb_clubs` VALUES ('315', '14', '12', 'จอร์แดน', '20170827022245.png', '1', null, null, null, null, null, '2013-11-12 09:52:51', '2017-08-27 02:22:45');
INSERT INTO `fb_clubs` VALUES ('316', '14', '13', 'สปาร์ตัก มอสโก', '20131122171314.png', '1', null, null, null, null, null, '2013-11-22 17:13:14', null);
INSERT INTO `fb_clubs` VALUES ('317', '14', '13', 'โลโคโมทีฟ มอสโก', '20171123140458.png', '1', null, null, null, null, null, '2013-11-24 13:35:24', '2017-11-23 14:04:58');
INSERT INTO `fb_clubs` VALUES ('318', '8', '45', 'UCL', '20131216105414.jpg', '1', null, null, null, null, null, '2013-12-16 10:54:14', null);
INSERT INTO `fb_clubs` VALUES ('319', '8', '45', 'UEL', '20131216105457.jpg', '1', null, null, null, null, null, '2013-12-16 10:54:57', null);
INSERT INTO `fb_clubs` VALUES ('320', '4', '2', 'เลสเตอร์ ซิตี้', '20160917103502.png', '1', '7', '22', '11', null, null, '2013-12-17 10:54:29', '2016-09-17 10:35:02');
INSERT INTO `fb_clubs` VALUES ('321', '14', '13', 'โรด้า เจซี', '20160924160706.png', '1', null, null, null, null, null, '2013-12-22 01:56:32', '2016-09-24 16:07:06');
INSERT INTO `fb_clubs` VALUES ('322', '14', '13', 'แบล็คเบิร์น โรเวอร์ส', '20161028160033.png', '1', null, null, null, null, null, '2014-01-04 01:19:33', '2016-10-28 16:00:33');
INSERT INTO `fb_clubs` VALUES ('323', '14', '13', 'อาเซอร์กูเอส', '20140122151931.png', '1', null, null, null, null, null, '2014-01-22 12:08:30', '2014-01-22 16:54:41');
INSERT INTO `fb_clubs` VALUES ('324', '14', '13', 'โคเวนทรี', '20180216141251.png', '1', null, null, null, null, null, '2014-01-24 10:46:44', '2018-02-16 14:12:51');
INSERT INTO `fb_clubs` VALUES ('325', '4', '2', 'บอร์นมัธ', '20160919120244.png', '1', null, null, null, null, null, '2014-01-25 13:11:28', '2016-09-19 12:02:44');
INSERT INTO `fb_clubs` VALUES ('326', '14', '13', 'โบลตัน', '20140125132611.png', '1', null, null, null, null, null, '2014-01-25 13:26:11', null);
INSERT INTO `fb_clubs` VALUES ('327', '14', '13', 'เชฟฟิลด์ ยูไนเต็ด', '20140126115852.png', '1', null, null, null, null, null, '2014-01-26 11:58:52', null);
INSERT INTO `fb_clubs` VALUES ('328', '14', '13', 'โก อเฮด อีเกิ้ลส์	', '20140126120539.png', '1', null, null, null, null, null, '2014-01-26 12:05:39', null);
INSERT INTO `fb_clubs` VALUES ('329', '14', '13', 'วิเทสส์', '20161217010728.png', '1', null, null, null, null, null, '2014-01-31 11:50:05', '2016-12-17 01:07:28');
INSERT INTO `fb_clubs` VALUES ('330', '14', '13', 'แทมปิเนส โรเวอร์ส', '20140202113736.png', '1', null, null, null, null, null, '2014-02-02 11:37:36', null);
INSERT INTO `fb_clubs` VALUES ('331', '14', '13', 'ฮานอย ที&ที', '20140208091928.png', '1', null, null, null, null, null, '2014-02-08 09:19:28', null);
INSERT INTO `fb_clubs` VALUES ('332', '14', '13', 'ดนิโปรฯ	', '20140220105325.png', '1', null, null, null, null, null, '2014-02-20 10:53:25', null);
INSERT INTO `fb_clubs` VALUES ('333', '14', '13', 'ดินาโม เคียฟ	', '20171102173521.png', '1', null, null, null, null, null, '2014-02-20 10:59:04', '2017-11-02 17:35:21');
INSERT INTO `fb_clubs` VALUES ('334', '14', '13', 'ชานตง ลู่เนิ่ง', '20140224205043.png', '1', null, null, null, null, null, '2014-02-24 20:50:43', null);
INSERT INTO `fb_clubs` VALUES ('335', '14', '13', 'โอลิมเปียกอส', '20140225101227.png', '1', null, null, null, null, null, '2014-02-25 10:12:27', null);
INSERT INTO `fb_clubs` VALUES ('336', '14', '12', 'โรมาเนีย', '20170830031326.png', '1', null, null, null, null, null, '2014-03-04 15:12:37', '2017-08-30 03:13:26');
INSERT INTO `fb_clubs` VALUES ('337', '14', '13', 'โปฮัง สตีลเลอร์ส', '20140311073909.png', '1', null, null, null, null, null, '2014-03-11 07:33:43', '2014-03-11 07:39:09');
INSERT INTO `fb_clubs` VALUES ('338', '14', '13', 'อรีมา โครนุส', '20140311101458.png', '1', null, null, null, null, null, '2014-03-11 10:14:58', null);
INSERT INTO `fb_clubs` VALUES ('339', '14', '13', 'เร้ด บูลล์ ซัลซ์บวร์ก', '20160929144049.png', '1', null, null, null, null, null, '2014-03-13 09:41:17', '2016-09-29 14:40:49');
INSERT INTO `fb_clubs` VALUES ('340', '14', '13', 'เซเรโซ่ โอซาก้า', '20140318092826.png', '1', null, null, null, null, null, '2014-03-18 09:28:26', null);
INSERT INTO `fb_clubs` VALUES ('341', '14', '13', 'โกรนิงเก้น', '20140322010647.png', '1', null, null, null, null, null, '2014-03-22 01:06:47', null);
INSERT INTO `fb_clubs` VALUES ('342', '14', '13', 'ทเวนเต้', '20161209124735.png', '1', null, null, null, null, null, '2014-03-28 12:08:34', '2016-12-09 12:47:35');
INSERT INTO `fb_clubs` VALUES ('343', '14', '13', 'กุ้ยโจว เริ่นเหอ', '20140415001839.png', '1', null, null, null, null, null, '2014-04-15 00:18:39', null);
INSERT INTO `fb_clubs` VALUES ('344', '14', '13', 'คาวาซากิ ฟรอนทาเล่', '20140415001858.png', '1', null, null, null, null, null, '2014-04-15 00:18:58', '2016-08-27 12:06:02');
INSERT INTO `fb_clubs` VALUES ('345', '14', '13', 'ดาร์บี้ เคาน์ตี้', '20161105134712.png', '1', null, null, null, null, null, '2014-05-23 09:41:41', '2016-11-05 13:47:12');
INSERT INTO `fb_clubs` VALUES ('346', '14', '12', 'ไซปรัส', '20170830031451.png', '1', null, null, null, null, null, '2014-05-27 07:49:19', '2017-08-30 03:14:51');
INSERT INTO `fb_clubs` VALUES ('347', '14', '12', 'แคเมอรูน', '20170830030313.png', '1', '0', '3', '4', null, null, '2014-06-01 13:54:38', '2017-08-30 03:03:13');
INSERT INTO `fb_clubs` VALUES ('348', '14', '12', 'โครเอเชีย', '20170830030611.png', '1', '3', '3', '3', null, null, '2014-06-03 13:15:41', '2017-08-30 03:06:11');
INSERT INTO `fb_clubs` VALUES ('349', '14', '12', 'โคลัมเบีย', '20140603132236.png', '0', '9', '3', '1', null, null, '2014-06-03 13:16:40', '2017-08-30 03:07:45');
INSERT INTO `fb_clubs` VALUES ('350', '14', '12', 'สวิตเซอร์แลนด์', '20170828042008.png', '1', '6', '3', '2', null, null, '2014-06-03 13:21:34', '2017-08-28 04:20:08');
INSERT INTO `fb_clubs` VALUES ('351', '14', '12', 'อิหร่าน', '20170829033704.png', '1', '1', '3', '4', null, null, '2014-06-03 13:24:16', '2017-08-29 03:37:04');
INSERT INTO `fb_clubs` VALUES ('352', '14', '12', 'บอสเนีย แอนด์ เฮอร์เซโกวีน่า', '20170827024756.png', '1', '3', '3', '3', null, null, '2014-06-03 13:24:53', '2017-08-27 02:47:56');
INSERT INTO `fb_clubs` VALUES ('353', '14', '12', 'แอลจีเรีย', '20170830030443.png', '1', '4', '3', '2', null, null, '2014-06-03 13:26:34', '2017-08-30 03:04:43');
INSERT INTO `fb_clubs` VALUES ('354', '14', '12', 'เวลส์', '20170830025403.png', '1', null, null, null, null, null, '2014-06-04 10:04:32', '2017-08-30 02:54:03');
INSERT INTO `fb_clubs` VALUES ('355', '14', '12', 'ไอร์แลนด์เหนือ', '20170827030321.png', '1', null, null, null, null, null, '2014-06-04 10:14:36', '2017-08-27 03:03:21');
INSERT INTO `fb_clubs` VALUES ('356', '14', '12', 'อาร์เมเนีย', '20170829033205.png', '1', null, null, null, null, null, '2014-06-06 09:14:55', '2017-08-29 03:32:05');
INSERT INTO `fb_clubs` VALUES ('357', '14', '12', 'สโลวีเนีย', '20170828042455.png', '1', null, null, null, null, null, '2014-06-07 12:27:09', '2017-08-28 04:24:55');
INSERT INTO `fb_clubs` VALUES ('358', '6', '5', 'โคโลญจน์', '20160919150416.png', '1', '15', '17', '11', null, null, '2014-07-15 17:37:36', '2016-09-19 15:04:16');
INSERT INTO `fb_clubs` VALUES ('359', '6', '5', 'พาเดอร์บอร์น', '20140715173805.png', '1', '19', '17', '10', null, null, '2014-07-15 17:38:05', '2014-12-22 12:43:44');
INSERT INTO `fb_clubs` VALUES ('360', '9', '7', 'ลา กอรุนญ่า', '20160919130117.png', '1', '4', '20', '12', null, null, '2014-07-15 17:50:45', '2016-09-19 13:01:17');
INSERT INTO `fb_clubs` VALUES ('361', '9', '7', 'เออิบาร์', '20160917101545.png', '1', '27', '20', '8', null, null, '2014-07-15 17:51:44', '2016-09-17 10:15:45');
INSERT INTO `fb_clubs` VALUES ('362', '9', '7', 'กอร์โดบา', '20140715175236.png', '1', '0', '20', '20', null, null, '2014-07-15 17:52:36', '2015-01-26 16:31:49');
INSERT INTO `fb_clubs` VALUES ('363', '5', '3', 'เชเซน่า', '20140716110156.png', '1', '3', '20', '20', null, null, '2014-07-16 11:01:56', '2015-01-26 16:30:06');
INSERT INTO `fb_clubs` VALUES ('364', '5', '3', 'ปาแลร์โม่', '20160919132010.png', '1', '27', '20', '8', null, null, '2014-07-16 11:02:47', '2016-09-19 13:20:10');
INSERT INTO `fb_clubs` VALUES ('365', '5', '3', 'เอ็มโปลี', '20160919132605.png', '1', '0', '20', '12', null, null, '2014-07-16 11:03:16', '2016-09-19 13:26:05');
INSERT INTO `fb_clubs` VALUES ('366', '7', '4', 'ก็อง', '20160916144823.png', '1', '17', '22', '11', null, null, '2014-07-16 11:13:33', '2016-09-16 14:48:23');
INSERT INTO `fb_clubs` VALUES ('367', '7', '4', 'เม็ตซ์', '20160919131100.png', '1', '18', '22', '11', null, null, '2014-07-16 11:14:47', '2016-09-19 13:11:00');
INSERT INTO `fb_clubs` VALUES ('368', '7', '4', 'ล็องส์', '20140716111540.png', '1', '7', '22', '11', null, null, '2014-07-16 11:15:40', '2015-01-26 16:33:40');
INSERT INTO `fb_clubs` VALUES ('369', '14', '13', 'ฮาร์ทส์', '20140718112311.png', '1', null, null, null, null, null, '2014-07-18 11:23:11', null);
INSERT INTO `fb_clubs` VALUES ('370', '22', '23', 'นาซิอองนาล', '20140722200036.png', '1', null, null, null, null, null, '2014-07-22 20:00:36', null);
INSERT INTO `fb_clubs` VALUES ('371', '22', '23', 'ดีเฟนซอร์ สปอร์ติ้ง', '20140722200114.png', '1', null, null, null, null, null, '2014-07-22 20:01:14', null);
INSERT INTO `fb_clubs` VALUES ('372', '14', '13', 'ซาน ลอเรนโซ่', '20140723104219.png', '1', null, null, null, null, null, '2014-07-23 10:42:19', '2014-12-20 12:00:56');
INSERT INTO `fb_clubs` VALUES ('373', '22', '23', 'โบลิวาร์', '20140723104715.png', '1', null, null, null, null, null, '2014-07-23 10:47:15', null);
INSERT INTO `fb_clubs` VALUES ('374', '14', '13', 'นิวยอร์ก เร้ด บูลล์ส', '20140726164651.png', '1', null, null, null, null, null, '2014-07-26 16:46:51', null);
INSERT INTO `fb_clubs` VALUES ('375', '14', '13', 'A', '20140731113140.png', '1', null, null, null, null, null, '2014-07-31 11:31:40', '2015-05-08 16:03:08');
INSERT INTO `fb_clubs` VALUES ('376', '14', '13', 'B', '20140731113247.png', '1', null, null, null, null, null, '2014-07-31 11:32:47', null);
INSERT INTO `fb_clubs` VALUES ('377', '14', '13', 'เฟเรนซ์วารอส', '20140810011529.png', '1', null, null, null, null, null, '2014-08-10 01:15:29', null);
INSERT INTO `fb_clubs` VALUES ('378', '14', '13', 'คาร์ไลส์', '20140811131111.png', '1', null, null, null, null, null, '2014-08-11 13:11:11', null);
INSERT INTO `fb_clubs` VALUES ('379', '14', '13', 'เอ็มเค ดอนส์', '20140811155652.png', '1', null, null, null, null, null, '2014-08-11 15:56:52', null);
INSERT INTO `fb_clubs` VALUES ('380', '14', '13', 'วิมเบิลดัน', '20150105124346.png', '1', null, null, null, null, null, '2014-08-11 15:57:26', '2015-01-05 12:43:46');
INSERT INTO `fb_clubs` VALUES ('381', '4', '2', 'เบิร์นลี่ย์', '20160919120522.png', '1', '0', '22', '19', null, null, '2014-08-18 10:01:00', '2016-09-19 12:05:22');
INSERT INTO `fb_clubs` VALUES ('382', '14', '13', 'เบซิคตัส', '20161101103819.png', '1', null, null, null, null, null, '2014-08-19 10:23:46', '2016-11-01 10:38:19');
INSERT INTO `fb_clubs` VALUES ('383', '14', '12', 'สก็อตแลนด์', '20170828041917.png', '1', null, null, null, null, null, '2014-09-07 12:08:07', '2017-08-28 04:19:17');
INSERT INTO `fb_clubs` VALUES ('384', '14', '12', 'ฮังการี', '20170829034309.png', '1', null, null, null, null, null, '2014-09-07 12:12:36', '2017-08-29 03:43:09');
INSERT INTO `fb_clubs` VALUES ('385', '14', '12', 'แอลเบเนีย', '20170830030524.png', '1', null, null, null, null, null, '2014-09-07 12:16:20', '2017-08-30 03:05:24');
INSERT INTO `fb_clubs` VALUES ('386', '14', '12', 'มาซิโดเนีย', '20170828040536.png', '1', null, null, null, null, null, '2014-09-08 09:48:25', '2017-08-28 04:05:36');
INSERT INTO `fb_clubs` VALUES ('387', '14', '13', 'ปาร์ติซาน เบลเกรด', '20170914194630.png', '1', null, null, null, null, null, '2014-09-18 11:58:28', '2017-09-14 19:46:30');
INSERT INTO `fb_clubs` VALUES ('388', '4', '2', 'มิดเดิลสโบรช์', '20160919120357.png', '1', null, null, null, null, null, '2014-09-23 10:27:34', '2016-09-19 12:03:57');
INSERT INTO `fb_clubs` VALUES ('389', '14', '13', 'น็อตติ้งแฮม ฟอเรสต์', '20160924160404.png', '1', null, null, null, null, null, '2014-09-24 11:38:17', '2016-09-24 16:04:04');
INSERT INTO `fb_clubs` VALUES ('390', '14', '12', 'สโลวะเกีย', '20170828042409.png', '1', null, null, null, null, null, '2014-10-09 11:02:35', '2017-08-28 04:24:09');
INSERT INTO `fb_clubs` VALUES ('391', '14', '12', 'ลักเซมเบิร์ก', '20170828041442.png', '1', null, null, null, null, null, '2014-10-12 14:32:39', '2017-08-28 04:14:42');
INSERT INTO `fb_clubs` VALUES ('392', '14', '12', 'มอลตา', '20170828040351.png', '1', null, null, null, null, null, '2014-10-13 11:00:21', '2017-08-28 04:03:51');
INSERT INTO `fb_clubs` VALUES ('393', '14', '12', 'ฮ่องกง', '20170829034017.png', '1', null, null, null, null, null, '2014-10-14 10:29:53', '2017-08-29 03:40:17');
INSERT INTO `fb_clubs` VALUES ('394', '14', '13', 'อันเดอร์เลชท์', '20161020124426.png', '1', null, null, null, null, null, '2014-10-22 09:25:46', '2016-10-20 12:44:26');
INSERT INTO `fb_clubs` VALUES ('395', '14', '13', 'แอสเตราส', '20141023145425.png', '1', null, null, null, null, null, '2014-10-23 14:54:25', null);
INSERT INTO `fb_clubs` VALUES ('396', '14', '13', 'ยัง บอยส์ เบิร์น', '20160929142824.png', '1', null, null, null, null, null, '2014-10-23 14:58:42', '2016-09-29 14:28:24');
INSERT INTO `fb_clubs` VALUES ('397', '14', '13', 'พานาธิไนกอส', '20141023150024.png', '1', null, null, null, null, null, '2014-10-23 15:00:24', null);
INSERT INTO `fb_clubs` VALUES ('398', '14', '13', 'ชรูว์สบิวรี่', '20141028105926.png', '1', null, null, null, null, null, '2014-10-28 10:59:26', null);
INSERT INTO `fb_clubs` VALUES ('399', '14', '13', 'สตองดาร์ ลีแอช', '20160929144232.png', '1', null, null, null, null, null, '2014-11-06 10:59:18', '2016-09-29 14:42:32');
INSERT INTO `fb_clubs` VALUES ('400', '14', '13', 'ริเยก้า', '20170815205522.png', '1', null, null, null, null, null, '2014-11-06 11:00:36', '2017-08-15 20:55:22');
INSERT INTO `fb_clubs` VALUES ('401', '14', '12', 'จอร์เจีย', '20170827022154.png', '1', null, null, null, null, null, '2014-11-14 10:31:20', '2017-08-27 02:21:54');
INSERT INTO `fb_clubs` VALUES ('402', '14', '12', 'ยิบรอลตาร์', '20170828041017.png', '1', null, null, null, null, null, '2014-11-14 10:32:30', '2017-08-28 04:10:17');
INSERT INTO `fb_clubs` VALUES ('403', '14', '12', 'เบลารุส', '20170829034936.png', '1', null, null, null, null, null, '2014-11-15 11:29:25', '2017-08-29 03:49:36');
INSERT INTO `fb_clubs` VALUES ('404', '14', '12', 'ลัตเวีย', '20170828041538.png', '1', null, null, null, null, null, '2014-11-16 14:07:57', '2017-08-28 04:15:38');
INSERT INTO `fb_clubs` VALUES ('405', '14', '13', 'ฟิลิปปินส์', '20141118153806.png', '1', null, null, null, null, null, '2014-11-18 15:38:07', null);
INSERT INTO `fb_clubs` VALUES ('406', '14', '13', 'คลับ บรูช', '20141127111527.png', '1', null, null, null, null, null, '2014-11-27 11:15:27', null);
INSERT INTO `fb_clubs` VALUES ('407', '14', '13', 'ครูซ อาซูล', '20141216100757.png', '1', null, null, null, null, null, '2014-12-16 10:07:57', null);
INSERT INTO `fb_clubs` VALUES ('408', '14', '13', 'ทรานเมียร์', '20150102232602.png', '1', null, null, null, null, null, '2015-01-02 23:26:02', null);
INSERT INTO `fb_clubs` VALUES ('409', '14', '13', 'เยโอวิล', '20150104112333.png', '1', null, null, null, null, null, '2015-01-04 11:23:33', null);
INSERT INTO `fb_clubs` VALUES ('410', '14', '13', 'เคมบริดจ์ ยูไนเต็ด', '20170103164648.png', '1', null, null, null, null, null, '2015-01-23 12:09:51', '2017-01-03 16:46:48');
INSERT INTO `fb_clubs` VALUES ('411', '14', '13', 'โบลตัน', '20150124125748.png', '0', null, null, null, null, null, '2015-01-24 12:57:48', '2015-01-24 13:00:13');
INSERT INTO `fb_clubs` VALUES ('412', '14', '13', 'บริสตอล ซิตี้', '20161014155938.png', '1', null, null, null, null, null, '2015-01-25 04:33:53', '2016-10-14 15:59:38');
INSERT INTO `fb_clubs` VALUES ('413', '4', '2', 'ไบรท์ตัน', '20161028155923.png', '1', null, null, null, null, null, '2015-01-25 04:36:12', '2017-08-06 15:30:53');
INSERT INTO `fb_clubs` VALUES ('414', '14', '13', 'รอชเดล', '20150126110101.png', '0', null, null, null, null, null, '2015-01-26 11:01:01', '2017-01-07 11:31:13');
INSERT INTO `fb_clubs` VALUES ('415', '14', '13', 'เปรสตัน', '20150216115223.png', '1', null, null, null, null, null, '2015-02-16 11:52:23', null);
INSERT INTO `fb_clubs` VALUES ('416', '14', '12', 'ลิทัวเนีย', '20170828041820.png', '1', null, null, null, null, null, '2015-03-27 13:31:33', '2017-08-28 04:18:20');
INSERT INTO `fb_clubs` VALUES ('417', '14', '12', 'ลัตเวีย', '20150328124903.png', '0', null, null, null, null, null, '2015-03-28 12:49:03', '2015-03-28 12:50:04');
INSERT INTO `fb_clubs` VALUES ('418', '14', '12', 'เซอร์เบีย', '20170829034805.png', '1', null, null, null, null, null, '2015-03-29 05:02:27', '2017-08-29 03:48:05');
INSERT INTO `fb_clubs` VALUES ('420', '14', '13', 'ออลสตาร์ สิงคโปร์', '20150715164227.png', '1', null, null, null, null, null, '2015-07-15 16:42:27', null);
INSERT INTO `fb_clubs` VALUES ('421', '14', '13', 'ติเกรส์', '20150715171051.png', '1', null, null, null, null, null, '2015-07-15 17:10:51', null);
INSERT INTO `fb_clubs` VALUES ('422', '14', '13', 'อินเตอร์นาซิอองนาล', '20150715171126.png', '1', null, null, null, null, null, '2015-07-15 17:11:26', null);
INSERT INTO `fb_clubs` VALUES ('423', '9', '7', 'สปอร์ติ้ง กิฆอน', '20160917100512.png', '1', null, null, null, null, null, '2015-09-10 15:51:34', '2016-09-17 10:05:12');
INSERT INTO `fb_clubs` VALUES ('424', '9', '7', 'ลาส พัลมาส', '20160917195911.png', '1', null, null, null, null, null, '2015-09-10 15:52:05', '2016-09-17 19:59:11');
INSERT INTO `fb_clubs` VALUES ('425', '9', '7', 'เรอัล เบติส', '20160919130557.png', '1', null, null, null, null, null, '2015-09-10 15:56:11', '2016-09-19 13:05:57');
INSERT INTO `fb_clubs` VALUES ('426', '14', '13', 'ดินาโม ซาเกร็บ', '20160927162641.png', '1', null, null, null, null, null, '2015-09-14 15:57:22', '2016-09-27 16:26:41');
INSERT INTO `fb_clubs` VALUES ('427', '14', '13', 'คาราบัค', '20170912153803.png', '1', null, null, null, null, null, '2015-09-14 16:37:25', '2017-09-12 15:38:03');
INSERT INTO `fb_clubs` VALUES ('428', '6', '5', 'ดาร์มสตัดท์', '20160919150238.png', '1', null, null, null, null, null, '2015-09-19 03:39:19', '2016-09-19 15:02:38');
INSERT INTO `fb_clubs` VALUES ('429', '6', '5', 'อิงโกลสตัดท์', '20150922153811.png', '1', null, null, null, null, null, '2015-09-22 15:38:11', null);
INSERT INTO `fb_clubs` VALUES ('430', '14', '13', 'ซิยง', '20150928161336.png', '1', null, null, null, null, null, '2015-09-28 16:13:36', null);
INSERT INTO `fb_clubs` VALUES ('431', '14', '13', 'ลีเกีย วอร์ซอว์', '20161018125318.png', '1', null, null, null, null, null, '2015-09-28 16:19:01', '2016-10-18 12:53:18');
INSERT INTO `fb_clubs` VALUES ('432', '14', '12', 'เวียดนาม', '20170830025448.png', '1', null, null, null, null, null, '2015-10-08 09:53:01', '2017-08-30 02:54:48');
INSERT INTO `fb_clubs` VALUES ('433', '14', '12', 'อันดอร์ร่า', '20170829032929.png', '1', null, null, null, null, null, '2015-10-08 11:05:56', '2017-08-29 03:29:29');
INSERT INTO `fb_clubs` VALUES ('434', '14', '13', 'บาเต้ บอริซอฟ', '20151019160419.png', '1', null, null, null, null, null, '2015-10-19 16:00:34', '2015-10-19 16:04:19');
INSERT INTO `fb_clubs` VALUES ('435', '14', '13', 'โรเซนบอร์ก', '20151019161812.png', '1', null, null, null, null, null, '2015-10-19 16:18:12', null);
INSERT INTO `fb_clubs` VALUES ('436', '14', '13', 'มิดทิลแลนด์', '20151019162059.png', '1', null, null, null, null, null, '2015-10-19 16:20:59', null);
INSERT INTO `fb_clubs` VALUES ('437', '14', '12', 'ไต้หวัน', '20170830031533.png', '1', null, null, null, null, null, '2015-11-12 10:47:50', '2017-08-30 03:15:33');
INSERT INTO `fb_clubs` VALUES ('438', '14', '13', 'อัสตาน่า', '20160929142736.png', '1', null, null, null, null, null, '2015-11-23 16:44:59', '2016-09-29 14:27:36');
INSERT INTO `fb_clubs` VALUES ('439', '14', '13', 'มัคคาบี้ เทล อาวีฟ', '20151123165055.png', '1', null, null, null, null, null, '2015-11-23 16:50:55', null);
INSERT INTO `fb_clubs` VALUES ('440', '14', '13', 'โมลด์', '20151123170124.png', '1', null, null, null, null, null, '2015-11-23 17:01:24', null);
INSERT INTO `fb_clubs` VALUES ('441', '14', '13', 'สโลวาน ลิเบอเรช', '20161020123645.png', '1', null, null, null, null, null, '2015-12-08 15:34:22', '2016-10-20 12:36:45');
INSERT INTO `fb_clubs` VALUES ('442', '14', '13', 'สปอร์ติ้ง ลิสบอน', '20161018130158.png', '1', null, null, null, null, null, '2015-12-08 15:40:35', '2016-10-18 13:01:58');
INSERT INTO `fb_clubs` VALUES ('443', '14', '13', 'ริเวอร์เพลท', '20151214152133.png', '1', null, null, null, null, null, '2015-12-14 15:21:33', null);
INSERT INTO `fb_clubs` VALUES ('444', '14', '13', 'เอ็กเซเตอร์ ซิตี้', '20160108110306.png', '1', null, null, null, null, null, '2016-01-08 11:03:06', null);
INSERT INTO `fb_clubs` VALUES ('445', '14', '13', 'วีคอมบ์', '20170127103009.png', '1', null, null, null, null, null, '2016-01-08 11:04:34', '2017-01-27 10:30:09');
INSERT INTO `fb_clubs` VALUES ('446', '14', '13', 'สคันธอร์ป', '20160108111155.png', '1', null, null, null, null, null, '2016-01-08 11:11:55', null);
INSERT INTO `fb_clubs` VALUES ('447', '14', '12', 'ซาอุดิอาระเบีย', '20170827022727.png', '1', null, null, null, null, null, '2016-01-12 15:50:59', '2017-08-27 02:27:27');
INSERT INTO `fb_clubs` VALUES ('448', '14', '12', 'เกาหลีเหนือ', '20170829034403.png', '1', null, null, null, null, null, '2016-01-12 16:31:48', '2017-08-29 03:44:03');
INSERT INTO `fb_clubs` VALUES ('449', '14', '13', 'โคลเชสเตอร์', '20160129135319.png', '1', null, null, null, null, null, '2016-01-29 13:53:19', null);
INSERT INTO `fb_clubs` VALUES ('450', '14', '13', 'มิลตัน คีนส์', '20160129135617.png', '1', null, null, null, null, null, '2016-01-29 13:56:17', null);
INSERT INTO `fb_clubs` VALUES ('451', '14', '13', 'โบคุ่ม', '20160209165524.png', '1', null, null, null, null, null, '2016-02-09 16:55:24', null);
INSERT INTO `fb_clubs` VALUES ('452', '14', '13', 'เกนท์', '20161020123626.png', '1', null, null, null, null, null, '2016-02-16 13:20:58', '2016-10-20 12:36:26');
INSERT INTO `fb_clubs` VALUES ('453', '14', '13', 'ราปิด เวียนนา', '20160929144816.png', '1', null, null, null, null, null, '2016-02-23 16:55:52', '2016-09-29 14:48:16');
INSERT INTO `fb_clubs` VALUES ('454', '14', '13', 'สปาร์ต้า ปราก', '20160929143647.png', '1', null, null, null, null, null, '2016-03-14 16:13:23', '2016-09-29 14:36:47');
INSERT INTO `fb_clubs` VALUES ('455', '14', '12', 'อัฟกานิสถาน', '20170829033023.png', '1', null, null, null, null, null, '2016-03-24 10:47:16', '2017-08-29 03:30:23');
INSERT INTO `fb_clubs` VALUES ('456', '14', '12', 'มาเก๊า', '20170828040836.png', '1', null, null, null, null, null, '2016-03-29 10:25:16', '2017-08-28 04:08:36');
INSERT INTO `fb_clubs` VALUES ('457', '14', '13', 'บราก้า', '20170914100439.png', '1', null, null, null, null, null, '2016-04-05 18:34:06', '2017-09-14 10:04:39');
INSERT INTO `fb_clubs` VALUES ('458', '14', '12', 'ซีเรีย', '20170827022839.png', '1', null, null, null, null, null, '2016-06-03 03:11:04', '2017-08-27 02:28:39');
INSERT INTO `fb_clubs` VALUES ('459', '14', '12', 'ยูเออี', '20170828041246.png', '1', null, null, null, null, null, '2016-06-03 03:15:32', '2017-08-28 04:12:46');
INSERT INTO `fb_clubs` VALUES ('460', '9', '7', 'เลกาเนส', '20160827122926.png', '1', null, null, null, null, null, '2016-08-27 12:29:26', null);
INSERT INTO `fb_clubs` VALUES ('461', '14', '12', 'จีน', '20170827022445.png', '1', null, null, null, null, null, '2016-09-01 13:13:42', '2017-08-27 02:24:45');
INSERT INTO `fb_clubs` VALUES ('462', '14', '13', 'อิปสวิช', '20170117100717.png', '1', null, null, null, null, null, '2016-09-08 17:19:55', '2017-01-17 10:07:17');
INSERT INTO `fb_clubs` VALUES ('463', '14', '13', 'เบอร์มิ่งแฮม', '20160917102021.png', '1', null, null, null, null, null, '2016-09-08 17:27:56', '2016-09-17 10:20:21');
INSERT INTO `fb_clubs` VALUES ('464', '6', '5', 'อาร์บี ไลป์ซิก', '20160919150306.png', '1', null, null, null, null, null, '2016-09-08 17:34:11', '2016-09-19 15:03:06');
INSERT INTO `fb_clubs` VALUES ('465', '14', '13', 'เอ็นอีซี ไนจ์เมเก้น', '20160908173902.png', '1', null, null, null, null, null, '2016-09-08 17:39:02', null);
INSERT INTO `fb_clubs` VALUES ('466', '9', '7', 'อลาเบส', '20160919125736.png', '1', null, null, null, null, null, '2016-09-08 17:41:30', '2016-09-19 12:57:36');
INSERT INTO `fb_clubs` VALUES ('467', '14', '12', 'ลาว', '20170828041633.png', '1', null, null, null, null, null, '2016-09-12 12:00:04', '2017-08-28 04:16:33');
INSERT INTO `fb_clubs` VALUES ('468', '14', '13', 'รอสตอฟ', '20160913114539.png', '1', null, null, null, null, null, '2016-09-13 11:45:39', null);
INSERT INTO `fb_clubs` VALUES ('469', '14', '13', 'อินดิเพนเดนเต้', '20160914134316.png', '1', null, null, null, null, null, '2016-09-14 13:43:16', null);
INSERT INTO `fb_clubs` VALUES ('470', '14', '13', 'ลานุส', '20160914134631.png', '1', null, null, null, null, null, '2016-09-14 13:46:31', null);
INSERT INTO `fb_clubs` VALUES ('471', '14', '12', 'โมซัมบิก', '20170830031203.png', '1', null, null, null, null, null, '2016-09-14 13:49:26', '2017-08-30 03:12:03');
INSERT INTO `fb_clubs` VALUES ('472', '15', '16', 'การท่าเรือ FC', '20160914135549.png', '1', null, null, null, null, null, '2016-09-14 13:55:49', '2017-05-06 12:09:26');
INSERT INTO `fb_clubs` VALUES ('473', '14', '12', 'กัวเตมาลา', '20170827021336.png', '1', null, null, null, null, null, '2016-09-14 14:04:48', '2017-08-27 02:13:36');
INSERT INTO `fb_clubs` VALUES ('474', '14', '13', 'ลีเกีย วอร์ซอว์', '20161018125356.png', '1', null, null, null, null, null, '2016-09-14 21:53:18', '2016-10-18 12:53:56');
INSERT INTO `fb_clubs` VALUES ('475', '14', '13', 'ฮาโปเอล เบียร์-เชว่า', '20160929151714.png', '0', null, null, null, null, null, '2016-09-15 11:29:04', '2016-11-22 22:30:36');
INSERT INTO `fb_clubs` VALUES ('476', '14', '12', 'โมร็อกโก', '20170830031243.png', '1', null, null, null, null, null, '2016-09-15 11:31:15', '2017-08-30 03:12:43');
INSERT INTO `fb_clubs` VALUES ('477', '14', '13', 'พีเอโอเค', '20161122175415.png', '1', null, null, null, null, null, '2016-09-15 12:13:37', '2016-11-22 17:54:15');
INSERT INTO `fb_clubs` VALUES ('478', '14', '12', 'หมู่เกาะ โซโลมอน', '20170828042544.png', '1', null, null, null, null, null, '2016-09-15 12:26:52', '2017-08-28 04:25:44');
INSERT INTO `fb_clubs` VALUES ('479', '14', '12', 'กัมพูชา', '20170827021237.png', '1', null, null, null, null, null, '2016-09-16 12:04:01', '2017-08-27 02:12:37');
INSERT INTO `fb_clubs` VALUES ('480', '14', '13', 'ซากัน โทสุ', '20160917093944.png', '1', null, null, null, null, null, '2016-09-17 09:39:44', null);
INSERT INTO `fb_clubs` VALUES ('481', '14', '12', 'ติมอร์ เลสเต', '20170827024214.png', '1', null, null, null, null, null, '2016-09-17 09:44:01', '2017-08-27 02:42:14');
INSERT INTO `fb_clubs` VALUES ('482', '14', '13', 'เชฟฟิลด์ เว้นส์เดย์', '20160917100411.png', '1', null, null, null, null, null, '2016-09-17 10:04:11', null);
INSERT INTO `fb_clubs` VALUES ('483', '7', '4', 'ดิฌง', '20160919131250.png', '1', null, null, null, null, null, '2016-09-19 13:12:50', null);
INSERT INTO `fb_clubs` VALUES ('484', '7', '4', 'น็องซี่', '20160919131540.png', '1', null, null, null, null, null, '2016-09-19 13:15:40', null);
INSERT INTO `fb_clubs` VALUES ('485', '7', '4', 'อองเช่ร์', '20160919131825.png', '1', null, null, null, null, null, '2016-09-19 13:18:25', null);
INSERT INTO `fb_clubs` VALUES ('486', '5', '3', 'โครโตเน่', '20160919132652.png', '1', null, null, null, null, null, '2016-09-19 13:26:52', null);
INSERT INTO `fb_clubs` VALUES ('487', '14', '13', 'นอร์ธแฮมป์ตัน', '20160919153307.png', '1', null, null, null, null, null, '2016-09-19 15:33:07', null);
INSERT INTO `fb_clubs` VALUES ('488', '14', '13', 'ชาเปโคเอนเซ่', '20160921124750.png', '1', null, null, null, null, null, '2016-09-21 12:47:50', null);
INSERT INTO `fb_clubs` VALUES ('489', '14', '12', 'เยเมน', '20170830025321.png', '1', null, null, null, null, null, '2016-09-23 20:13:30', '2017-08-30 02:53:21');
INSERT INTO `fb_clubs` VALUES ('490', '14', '13', 'เอ็กเซลซิเออร์', '20161028163221.png', '1', null, null, null, null, null, '2016-09-24 15:41:16', '2016-10-28 16:32:21');
INSERT INTO `fb_clubs` VALUES ('491', '14', '13', 'กาบาล่า', '20160929143023.png', '1', null, null, null, null, null, '2016-09-29 14:30:23', null);
INSERT INTO `fb_clubs` VALUES ('492', '14', '13', 'ซอร์ย่า ลูฮานส์ค', '20160929144408.png', '1', null, null, null, null, null, '2016-09-29 14:44:08', null);
INSERT INTO `fb_clubs` VALUES ('493', '14', '13', 'อาแซด อัลค์มาร์', '20160929145232.png', '1', null, null, null, null, null, '2016-09-29 14:52:32', null);
INSERT INTO `fb_clubs` VALUES ('494', '14', '13', 'ฮาโปเอล เบียร์-เชว่า', '20160929150035.png', '1', null, null, null, null, null, '2016-09-29 15:00:35', null);
INSERT INTO `fb_clubs` VALUES ('495', '14', '13', 'ร็อตเธอร์แฮม ยูไนเต็ด', '20161001170932.png', '1', null, null, null, null, null, '2016-10-01 17:09:32', null);
INSERT INTO `fb_clubs` VALUES ('496', '14', '13', 'ฮีเรนวีน', '20161001171007.png', '1', null, null, null, null, null, '2016-10-01 17:10:07', null);
INSERT INTO `fb_clubs` VALUES ('497', '14', '13', 'วูล์ฟแฮมป์ตัน', '20170127102849.png', '1', null, null, null, null, null, '2016-10-01 17:10:56', '2017-01-27 10:28:49');
INSERT INTO `fb_clubs` VALUES ('498', '14', '13', 'อูเทรชท์', '20161002162024.png', '1', null, null, null, null, null, '2016-10-02 16:20:24', null);
INSERT INTO `fb_clubs` VALUES ('499', '14', '13', 'วิลเล่ม ทเว', '20161002162044.png', '1', null, null, null, null, null, '2016-10-02 16:20:44', null);
INSERT INTO `fb_clubs` VALUES ('500', '14', '12', 'กาตาร์', '20170827021431.png', '1', null, null, null, null, null, '2016-10-06 10:02:27', '2017-08-27 02:14:31');
INSERT INTO `fb_clubs` VALUES ('501', '14', '12', 'โคโซโว', '20170830030845.png', '1', null, null, null, null, null, '2016-10-09 10:21:49', '2017-08-30 03:08:45');
INSERT INTO `fb_clubs` VALUES ('502', '14', '12', 'หมู่เกาะแฟโร', '20170829032537.png', '1', null, null, null, null, null, '2016-10-10 12:27:49', '2017-08-29 03:25:37');
INSERT INTO `fb_clubs` VALUES ('503', '4', '2', 'ฮัดเดอร์สฟิลด์ ทาวน์', '20161014160242.png', '1', null, null, null, null, null, '2016-10-14 16:02:42', '2017-08-06 15:31:26');
INSERT INTO `fb_clubs` VALUES ('504', '14', '12', 'บรูไน', '20170827024708.png', '1', null, null, null, null, null, '2016-10-18 12:25:17', '2017-08-27 02:47:08');
INSERT INTO `fb_clubs` VALUES ('505', '14', '13', 'โคเปนเฮเก้น', '20161018125903.png', '1', null, null, null, null, null, '2016-10-18 12:59:03', null);
INSERT INTO `fb_clubs` VALUES ('506', '14', '12', 'บาห์เรน', '20170827024940.png', '1', null, null, null, null, null, '2016-10-19 12:02:11', '2017-08-27 02:49:40');
INSERT INTO `fb_clubs` VALUES ('507', '14', '13', 'ออสเตรีย เวียนนา', '20161020123919.png', '1', null, null, null, null, null, '2016-10-20 12:39:19', null);
INSERT INTO `fb_clubs` VALUES ('508', '14', '13', 'เกงค์', '20161020124100.png', '1', null, null, null, null, null, '2016-10-20 12:41:00', null);
INSERT INTO `fb_clubs` VALUES ('509', '14', '13', 'แอสตร้า', '20161020124641.png', '1', null, null, null, null, null, '2016-10-20 12:46:41', null);
INSERT INTO `fb_clubs` VALUES ('510', '14', '13', 'เบอร์ตัน อัลเบี้ยน', '20161021145622.png', '1', null, null, null, null, null, '2016-10-21 14:56:22', null);
INSERT INTO `fb_clubs` VALUES ('511', '14', '13', 'เซนต์ จอห์นสโตน', '20161023140245.png', '1', null, null, null, null, null, '2016-10-23 14:02:45', null);
INSERT INTO `fb_clubs` VALUES ('512', '14', '13', 'ดันดี เอฟซี', '20161023140301.png', '1', null, null, null, null, null, '2016-10-23 14:03:01', null);
INSERT INTO `fb_clubs` VALUES ('513', '14', '13', 'สปอร์ตฯ ลอตเต้', '20161025154818.png', '1', null, null, null, null, null, '2016-10-25 15:48:18', null);
INSERT INTO `fb_clubs` VALUES ('514', '14', '13', 'แกลมองต์ ฟุต', '20161026114001.png', '1', null, null, null, null, null, '2016-10-26 11:40:01', null);
INSERT INTO `fb_clubs` VALUES ('515', '14', '13', 'เบรนท์ฟอร์ด', '20161028140100.png', '1', null, null, null, null, null, '2016-10-28 14:01:00', null);
INSERT INTO `fb_clubs` VALUES ('516', '14', '13', 'จูบิโล่ อิวาตะ', '20161028155313.png', '1', null, null, null, null, null, '2016-10-28 15:53:13', null);
INSERT INTO `fb_clubs` VALUES ('517', '14', '13', 'อุราวะ เร้ด ไดมอนด์ส', '20161028155515.png', '1', null, null, null, null, null, '2016-10-28 15:55:15', null);
INSERT INTO `fb_clubs` VALUES ('518', '14', '13', 'อเบอร์ดีน', '20161028155715.png', '1', null, null, null, null, null, '2016-10-28 15:57:15', null);
INSERT INTO `fb_clubs` VALUES ('519', '14', '13', 'บาร์นสลีย์', '20161105134901.png', '1', null, null, null, null, null, '2016-11-05 13:49:01', null);
INSERT INTO `fb_clubs` VALUES ('520', '14', '12', 'โอมาน', '20170830031412.png', '1', null, null, null, null, null, '2016-11-10 10:18:50', '2017-08-30 03:14:12');
INSERT INTO `fb_clubs` VALUES ('521', '14', '12', 'ฟิลิปปินส์', '20170828040209.png', '1', null, null, null, null, null, '2016-11-17 13:19:56', '2017-08-28 04:02:09');
INSERT INTO `fb_clubs` VALUES ('522', '14', '13', 'อาโปเอล นิโคเซีย', '20161122223426.png', '1', null, null, null, null, null, '2016-11-22 22:34:26', null);
INSERT INTO `fb_clubs` VALUES ('523', '14', '13', 'ซูริค', '20161124133709.png', '1', null, null, null, null, null, '2016-11-24 13:37:09', null);
INSERT INTO `fb_clubs` VALUES ('524', '14', '13', 'โตรอนโต เอฟซี', '20161129154211.png', '1', null, null, null, null, null, '2016-11-29 15:42:11', '2016-12-09 12:38:57');
INSERT INTO `fb_clubs` VALUES ('525', '14', '13', 'มอนทรีออล อิมแพ็คท์', '20161129154328.png', '1', null, null, null, null, null, '2016-11-29 15:43:28', '2016-12-09 12:39:15');
INSERT INTO `fb_clubs` VALUES ('526', '14', '13', 'สปาร์ต้า ร็อตเธอร์ดัม', '20161202002615.png', '1', null, null, null, null, null, '2016-12-02 00:26:15', null);
INSERT INTO `fb_clubs` VALUES ('527', '14', '13', 'มาเธอร์เวลล์', '20161202231615.png', '1', null, null, null, null, null, '2016-12-02 23:16:15', null);
INSERT INTO `fb_clubs` VALUES ('528', '14', '13', 'โอ๊คแลนด์ ซิตี้', '20161206095139.png', '1', null, null, null, null, null, '2016-12-06 09:51:39', null);
INSERT INTO `fb_clubs` VALUES ('529', '14', '13', 'ออสมานลิสปอร์', '20161207164019.png', '1', null, null, null, null, null, '2016-12-07 16:40:19', null);
INSERT INTO `fb_clubs` VALUES ('530', '14', '13', 'ชนบุก ฮุนได มอเตอร์ส', '20161208124436.png', '1', null, null, null, null, null, '2016-12-08 12:44:36', null);
INSERT INTO `fb_clubs` VALUES ('531', '14', '13', 'คลับ อเมริกา', '20161208124539.png', '1', null, null, null, null, null, '2016-12-08 12:45:39', null);
INSERT INTO `fb_clubs` VALUES ('532', '14', '13', 'มาเมโลดี้ ซันดาวน์ส', '20161208124637.png', '1', null, null, null, null, null, '2016-12-08 12:46:37', null);
INSERT INTO `fb_clubs` VALUES ('533', '14', '13', 'แอตเลติโก นาซิอองนาล', '20161208124748.png', '1', null, null, null, null, null, '2016-12-08 12:47:48', null);
INSERT INTO `fb_clubs` VALUES ('534', '14', '13', 'ซีแอตเทิล ซาวน์เดอร์', '20161208125054.png', '1', null, null, null, null, null, '2016-12-08 12:50:54', null);
INSERT INTO `fb_clubs` VALUES ('535', '14', '13', 'พาร์ทิค', '20161209130014.png', '0', null, null, null, null, null, '2016-12-09 13:00:14', '2017-05-18 17:50:41');
INSERT INTO `fb_clubs` VALUES ('536', '14', '13', 'ฮามิลตัน', '20161223215731.png', '1', null, null, null, null, null, '2016-12-23 21:57:31', null);
INSERT INTO `fb_clubs` VALUES ('537', '14', '13', 'เซนต์ จอห์นสโตน', '20161227122544.png', '1', null, null, null, null, null, '2016-12-27 12:25:44', null);
INSERT INTO `fb_clubs` VALUES ('538', '14', '13', 'กลาสโกว์ เรนเจอร์ส', '20161227123458.png', '1', null, null, null, null, null, '2016-12-27 12:34:58', null);
INSERT INTO `fb_clubs` VALUES ('539', '14', '13', 'ล้านช้าง ยูไนเต็ด', '20170105131119.png', '1', null, null, null, null, null, '2017-01-05 13:11:19', null);
INSERT INTO `fb_clubs` VALUES ('540', '14', '13', 'ปีเตอร์โบโร่', '20170105132357.png', '1', null, null, null, null, null, '2017-01-05 13:22:38', '2017-01-05 13:23:57');
INSERT INTO `fb_clubs` VALUES ('541', '14', '13', 'บาโรว์', '20170107113005.png', '1', null, null, null, null, null, '2017-01-07 11:30:05', null);
INSERT INTO `fb_clubs` VALUES ('542', '14', '13', 'โรชเดล', '20170107113027.png', '1', null, null, null, null, null, '2017-01-07 11:30:27', null);
INSERT INTO `fb_clubs` VALUES ('543', '14', '13', 'พลีมัธ', '20170107113129.png', '1', null, null, null, null, null, '2017-01-07 11:31:29', null);
INSERT INTO `fb_clubs` VALUES ('544', '14', '13', 'ยะโฮร์ ดารุล ทาซิม', '20170113125059.png', '1', null, null, null, null, null, '2017-01-13 12:50:59', null);
INSERT INTO `fb_clubs` VALUES ('545', '14', '13', 'อลลสตาร์เมียนมาร์', '20170113125945.png', '1', null, null, null, null, null, '2017-01-13 12:59:45', null);
INSERT INTO `fb_clubs` VALUES ('546', '14', '13', 'พนมเปญ คราวน์', '20170117095646.png', '1', null, null, null, null, null, '2017-01-17 09:56:46', null);
INSERT INTO `fb_clubs` VALUES ('547', '14', '13', 'ลินคอล์น', '20170117100628.png', '1', null, null, null, null, null, '2017-01-17 10:06:28', null);
INSERT INTO `fb_clubs` VALUES ('548', '14', '13', 'อาร์มี เอฟซี', '20170120175527.png', '1', null, null, null, null, null, '2017-01-20 17:52:36', '2017-01-20 17:55:27');
INSERT INTO `fb_clubs` VALUES ('549', '14', '13', 'มิลล์วอลล์', '20170127103051.png', '1', null, null, null, null, null, '2017-01-27 10:30:51', null);
INSERT INTO `fb_clubs` VALUES ('550', '14', '13', 'หนองบัว พิชญ', '20170127143855.png', '1', null, null, null, null, null, '2017-01-27 14:38:55', null);
INSERT INTO `fb_clubs` VALUES ('551', '14', '13', 'เซี่ยงไฮ้ เอสไอพีจี', '20170207160945.png', '1', null, null, null, null, null, '2017-02-07 16:09:45', null);
INSERT INTO `fb_clubs` VALUES ('552', '15', '16', 'สุโขทัย เอฟซี', '20170207161027.png', '1', null, null, null, null, null, '2017-02-07 16:10:27', null);
INSERT INTO `fb_clubs` VALUES ('553', '15', '16', 'ราชนาวี', '20170211105030.png', '1', null, null, null, null, null, '2017-02-11 10:50:30', null);
INSERT INTO `fb_clubs` VALUES ('554', '15', '16', 'อุบล ยูเอ็มที', '20170218102606.png', '1', null, null, null, null, null, '2017-02-18 10:26:06', null);
INSERT INTO `fb_clubs` VALUES ('555', '14', '13', 'ซัตตัน ยูไนเต็ด', '20170218103210.png', '1', null, null, null, null, null, '2017-02-18 10:32:10', null);
INSERT INTO `fb_clubs` VALUES ('556', '14', '13', 'บริสเบน รอร์', '20170221141243.png', '1', null, null, null, null, null, '2017-02-21 14:12:43', null);
INSERT INTO `fb_clubs` VALUES ('557', '15', '16', 'นครราชสีมา มาสด้า', '20170226025051.png', '1', null, null, null, null, null, '2017-02-26 02:50:51', null);
INSERT INTO `fb_clubs` VALUES ('558', '15', '16', 'ไทยฮอนด้า', '20170303224617.png', '1', null, null, null, null, null, '2017-03-03 22:46:17', null);
INSERT INTO `fb_clubs` VALUES ('559', '14', '13', 'แบร็ดฟอร์ด', '20170504172302.png', '1', null, null, null, null, null, '2017-05-04 17:23:02', null);
INSERT INTO `fb_clubs` VALUES ('560', '14', '13', 'ฟลีทวูด ทาวน์', '20180105185706.png', '1', null, null, null, null, null, '2017-05-04 17:23:22', '2018-01-05 18:57:06');
INSERT INTO `fb_clubs` VALUES ('561', '14', '13', 'พาร์ทิค', '20170518174844.png', '1', null, null, null, null, null, '2017-05-18 17:48:44', null);
INSERT INTO `fb_clubs` VALUES ('562', '9', '7', 'กิโรน่า', '20170806153556.png', '1', null, null, null, null, null, '2017-08-06 15:35:56', null);
INSERT INTO `fb_clubs` VALUES ('563', '5', '3', 'เบเนเวนโต้', '20170806155806.png', '1', null, null, null, null, null, '2017-08-06 15:58:06', null);
INSERT INTO `fb_clubs` VALUES ('564', '5', '3', 'สปาล', '20170806160055.png', '1', null, null, null, null, null, '2017-08-06 16:00:55', null);
INSERT INTO `fb_clubs` VALUES ('565', '7', '4', 'อาเมียงส์', '20170806160925.png', '1', null, null, null, null, null, '2017-08-06 16:09:25', null);
INSERT INTO `fb_clubs` VALUES ('566', '7', '4', 'สตราส์บูร์ก', '20170806161316.png', '1', null, null, null, null, null, '2017-08-06 16:13:16', null);
INSERT INTO `fb_clubs` VALUES ('567', '14', '13', 'คาร์ลสรูห์', '20170811140907.png', '1', null, null, null, null, null, '2017-08-11 14:09:07', null);
INSERT INTO `fb_clubs` VALUES ('568', '14', '13', 'ฮันซ่า รอสต๊อค', '20170813075416.png', '1', null, null, null, null, null, '2017-08-13 07:54:16', null);
INSERT INTO `fb_clubs` VALUES ('569', '14', '13', 'สลาเวีย ปราก', '20170815202643.png', '1', null, null, null, null, null, '2017-08-15 20:26:43', null);
INSERT INTO `fb_clubs` VALUES ('570', '14', '13', 'อิสตันบูล บาซัคเซเฮียร์', '20170816111642.png', '1', null, null, null, null, null, '2017-08-16 11:16:42', null);
INSERT INTO `fb_clubs` VALUES ('571', '14', '13', 'คอนยาสปอร์', '20170913164459.png', '1', null, null, null, null, null, '2017-09-13 16:44:59', null);
INSERT INTO `fb_clubs` VALUES ('572', '14', '13', 'เซอร์เวน่า ซเวซด้า', '20171102073832.png', '1', null, null, null, null, null, '2017-11-02 07:38:32', null);
INSERT INTO `fb_clubs` VALUES ('573', '14', '13', 'เซอร์เวน่า ซเวซด้า', '20171102091644.png', '1', null, null, null, null, null, '2017-11-02 09:16:44', null);
INSERT INTO `fb_clubs` VALUES ('574', '14', '13', 'เออีเค เอเธนส์', '20171102172348.png', '1', null, null, null, null, null, '2017-11-02 17:23:48', null);
INSERT INTO `fb_clubs` VALUES ('575', '14', '13', 'วิคตอเรีย กิมาไรส์', '20171102172705.png', '1', null, null, null, null, null, '2017-11-02 17:27:05', '2017-11-02 21:12:28');
INSERT INTO `fb_clubs` VALUES ('576', '14', '13', 'ออสเตอร์ซุนด์', '20171102174120.png', '1', null, null, null, null, null, '2017-11-02 17:41:20', null);
INSERT INTO `fb_clubs` VALUES ('577', '14', '13', 'วาร์ดาร์ สโตปเช่', '20171122170936.png', '1', null, null, null, null, null, '2017-11-22 17:09:36', null);
INSERT INTO `fb_clubs` VALUES ('578', '14', '13', 'ฟูเอนลาบราดา', '20171127125112.png', '1', null, null, null, null, null, '2017-11-27 12:51:12', null);
INSERT INTO `fb_clubs` VALUES ('579', '14', '13', 'เรอัล มูร์เซีย', '20171127125343.png', '1', null, null, null, null, null, '2017-11-27 12:53:43', null);
INSERT INTO `fb_clubs` VALUES ('580', '14', '13', 'เรอัล ซาราโกซ่า', '20171127125605.png', '1', null, null, null, null, null, '2017-11-27 12:56:05', null);
INSERT INTO `fb_clubs` VALUES ('581', '14', '13', 'นูมานเซีย', '20171128074122.png', '1', null, null, null, null, null, '2017-11-28 07:41:23', null);
INSERT INTO `fb_clubs` VALUES ('582', '14', '13', 'เตเนริเฟ่', '20171128074147.png', '1', null, null, null, null, null, '2017-11-28 07:41:47', null);
INSERT INTO `fb_clubs` VALUES ('583', '14', '13', 'อัล จาซีร่า', '20171213133353.png', '1', null, null, null, null, null, '2017-12-13 13:33:53', null);
INSERT INTO `fb_clubs` VALUES ('584', '14', '13', 'เยย์ดา เอสปอร์ติว', '20180103141804.png', '1', null, null, null, null, null, '2018-01-03 14:18:04', null);
INSERT INTO `fb_clubs` VALUES ('585', '14', '13', 'กาดิช', '20180109112417.png', '1', null, null, null, null, null, '2018-01-09 11:24:17', null);
INSERT INTO `fb_clubs` VALUES ('586', '14', '13', 'น็อตต์ส เคาน์ตี้', '20180127114655.png', '1', null, null, null, null, null, '2018-01-27 11:46:55', null);
INSERT INTO `fb_clubs` VALUES ('587', '14', '13', 'นิวพอร์ท', '20180127115525.png', '1', null, null, null, null, null, '2018-01-27 11:55:25', null);
INSERT INTO `fb_clubs` VALUES ('588', '14', '12', 'เลบานอน', '20180204180136.png', '1', null, null, null, null, null, '2018-02-04 18:01:36', null);
INSERT INTO `fb_clubs` VALUES ('589', '14', '12', 'คีร์กิสถาน', 'default.jpg', '1', null, null, null, null, null, '2018-02-06 02:27:56', null);
INSERT INTO `fb_clubs` VALUES ('590', '14', '13', 'รอชเดล', '20180217115923.png', '1', null, null, null, null, null, '2018-02-17 11:59:23', null);
INSERT INTO `fb_clubs` VALUES ('591', '15', '16', 'แอร์ฟอร์ซ เซ็นทรัล', '20180223163026.png', '1', null, null, null, null, null, '2018-02-23 16:30:26', null);
INSERT INTO `fb_clubs` VALUES ('592', '5', '3', 'โฟรซิโนเน่', '20181102151033.png', '1', null, null, null, null, null, '2018-11-02 15:10:33', null);
INSERT INTO `fb_clubs` VALUES ('593', '9', '7', 'ฮูเอสก้า', '20181102152805.png', '1', null, null, null, null, null, '2018-11-02 15:28:05', null);

-- ----------------------------
-- Table structure for `fb_gameweek`
-- ----------------------------
DROP TABLE IF EXISTS `fb_gameweek`;
CREATE TABLE `fb_gameweek` (
  `gw_id` int(11) NOT NULL AUTO_INCREMENT,
  `gw` varchar(3) COLLATE utf8_unicode_ci DEFAULT NULL,
  `gw_datetime` datetime DEFAULT NULL,
  `gw_display` varchar(3) COLLATE utf8_unicode_ci NOT NULL DEFAULT 'n',
  PRIMARY KEY (`gw_id`)
) ENGINE=InnoDB AUTO_INCREMENT=41 DEFAULT CHARSET=utf8 COLLATE=utf8_unicode_ci;

-- ----------------------------
-- Records of fb_gameweek
-- ----------------------------
INSERT INTO `fb_gameweek` VALUES ('1', '1', '2022-08-01 20:00:00', 'y');
INSERT INTO `fb_gameweek` VALUES ('2', '2', '2022-08-01 00:00:00', 'n');
INSERT INTO `fb_gameweek` VALUES ('3', '3', '2022-08-01 00:00:00', 'n');
INSERT INTO `fb_gameweek` VALUES ('4', '4', '2022-08-01 00:00:00', 'n');
INSERT INTO `fb_gameweek` VALUES ('5', '5', '2022-08-01 00:00:00', 'n');
INSERT INTO `fb_gameweek` VALUES ('6', '6', '2022-08-01 00:00:00', 'n');
INSERT INTO `fb_gameweek` VALUES ('7', '7', '2022-08-01 00:00:00', 'n');
INSERT INTO `fb_gameweek` VALUES ('8', '8', '2022-08-01 00:00:00', 'n');
INSERT INTO `fb_gameweek` VALUES ('9', '9', '2022-08-01 00:00:00', 'n');
INSERT INTO `fb_gameweek` VALUES ('10', '10', '2022-08-01 00:00:00', 'n');
INSERT INTO `fb_gameweek` VALUES ('11', '11', '2022-08-01 00:00:00', 'n');
INSERT INTO `fb_gameweek` VALUES ('12', '12', '2022-08-01 00:00:00', 'n');
INSERT INTO `fb_gameweek` VALUES ('13', '13', '2022-08-01 00:00:00', 'n');
INSERT INTO `fb_gameweek` VALUES ('14', '14', '2022-08-01 00:00:00', 'n');
INSERT INTO `fb_gameweek` VALUES ('15', '15', '2022-08-01 00:00:00', 'n');
INSERT INTO `fb_gameweek` VALUES ('16', '16', '2022-08-01 00:00:00', 'n');
INSERT INTO `fb_gameweek` VALUES ('17', '17', '2022-08-01 00:00:00', 'n');
INSERT INTO `fb_gameweek` VALUES ('18', '18', '2022-08-01 00:00:00', 'n');
INSERT INTO `fb_gameweek` VALUES ('19', '19', '2022-08-01 00:00:00', 'n');
INSERT INTO `fb_gameweek` VALUES ('20', '20', '2022-08-01 00:00:00', 'n');
INSERT INTO `fb_gameweek` VALUES ('21', '21', '2022-08-01 00:00:00', 'n');
INSERT INTO `fb_gameweek` VALUES ('22', '22', '2022-08-01 00:00:00', 'n');
INSERT INTO `fb_gameweek` VALUES ('23', '23', '2022-08-01 00:00:00', 'n');
INSERT INTO `fb_gameweek` VALUES ('24', '24', '2022-08-01 00:00:00', 'n');
INSERT INTO `fb_gameweek` VALUES ('25', '25', '2022-08-01 00:00:00', 'n');
INSERT INTO `fb_gameweek` VALUES ('26', '26', '2022-08-01 00:00:00', 'n');
INSERT INTO `fb_gameweek` VALUES ('27', '27', '2022-08-01 00:00:00', 'n');
INSERT INTO `fb_gameweek` VALUES ('28', '28', '2022-08-01 00:00:00', 'n');
INSERT INTO `fb_gameweek` VALUES ('29', '29', '2022-08-01 00:00:00', 'n');
INSERT INTO `fb_gameweek` VALUES ('30', '30', '2022-08-01 00:00:00', 'n');
INSERT INTO `fb_gameweek` VALUES ('31', '31', '2022-08-01 00:00:00', 'n');
INSERT INTO `fb_gameweek` VALUES ('32', '32', '2022-08-01 00:00:00', 'n');
INSERT INTO `fb_gameweek` VALUES ('33', '33', '2022-08-01 00:00:00', 'n');
INSERT INTO `fb_gameweek` VALUES ('34', '34', '2022-08-01 00:00:00', 'n');
INSERT INTO `fb_gameweek` VALUES ('35', '35', '2022-08-01 00:00:00', 'n');
INSERT INTO `fb_gameweek` VALUES ('36', '36', '2022-08-01 00:00:00', 'n');
INSERT INTO `fb_gameweek` VALUES ('37', '37', '2022-08-01 00:00:00', 'n');
INSERT INTO `fb_gameweek` VALUES ('38', '38', '2022-08-01 00:00:00', 'n');
INSERT INTO `fb_gameweek` VALUES ('39', '39', '2022-08-01 00:00:00', 'n');
INSERT INTO `fb_gameweek` VALUES ('40', '40', '2022-08-01 00:00:00', 'n');

-- ----------------------------
-- Table structure for `fb_leagues`
-- ----------------------------
DROP TABLE IF EXISTS `fb_leagues`;
CREATE TABLE `fb_leagues` (
  `league_id` int(11) NOT NULL AUTO_INCREMENT,
  `national_id` int(11) DEFAULT NULL,
  `league_name` text COLLATE utf8_unicode_ci,
  `league_image` text COLLATE utf8_unicode_ci,
  `league_status` smallint(3) NOT NULL DEFAULT '1',
  `league_table` varchar(3) COLLATE utf8_unicode_ci NOT NULL DEFAULT 'n',
  `league_order` smallint(3) DEFAULT NULL,
  `league_detail` text COLLATE utf8_unicode_ci,
  `user_add_id` int(11) DEFAULT NULL,
  `user_edit_id` int(11) DEFAULT NULL,
  `created` datetime DEFAULT NULL,
  `modified` datetime DEFAULT NULL,
  PRIMARY KEY (`league_id`)
) ENGINE=InnoDB AUTO_INCREMENT=104 DEFAULT CHARSET=utf8 COLLATE=utf8_unicode_ci;

-- ----------------------------
-- Records of fb_leagues
-- ----------------------------
INSERT INTO `fb_leagues` VALUES ('1', '4', 'พรีเมียลีก', '20130215144302.jpg', '0', 'n', null, null, null, null, '2013-02-15 14:35:03', '2013-02-15 14:53:30');
INSERT INTO `fb_leagues` VALUES ('2', '4', 'พรีเมียร์ลีก', '20160916134232.png', '1', 'y', '1', '<!-- BEGIN of Soccerway widget HTML fragment  -->\n<!-- Personal code for this widget: ss1ivo6tHo0tX1jo0 -->\n<iframe src=\"http://widgets.soccerway.com/widget/free/classic/competition/8/#d=265x420&f=table,table_colmp,table_colmw,table_colmd,table_colml,scroll&cbackground=FFFFFF&ctext=000000&ctitle=F85F00&cshadow=E8E8E8&cbutton=C0C0C0&cbuttontext=000000&chighlight=FF0000&tbody_family=Tahoma,sans-serif&tbody_size=8&tbody_weight=normal&tbody_style=normal&tbody_decoration=none&tbody_transform=none&ttitle_family=Impact,sans-serif&ttitle_size=10&ttitle_weight=normal&ttitle_style=normal&ttitle_decoration=none&ttitle_transform=none&ttab_family=Tahoma,sans-serif&ttab_size=8&ttab_weight=normal&ttab_style=normal&ttab_decoration=none&ttab_transform=none\" width=\"265\" height=\"400\" scrolling=\"no\" frameborder=\"0\" marginwidth=\"0\" marginheight=\"0\"></iframe>\n<!-- END of Soccerway widget HTML fragment -->', null, null, '2013-02-15 15:10:35', '2016-09-16 13:42:32');
INSERT INTO `fb_leagues` VALUES ('3', '5', 'กัลโช่ฯ', '20160915173009.png', '1', 'y', '2', '<!-- BEGIN of Soccerway widget HTML fragment  -->\n<!-- Personal code for this widget: ss1ivo6tHo0tX1jo0 -->\n<iframe src=\"http://widgets.soccerway.com/widget/free/classic/competition/13/#d=265x400&f=table,table_colmp,table_colmw,table_colmd,table_colml,scroll&cbackground=FFFFFF&ctext=000000&ctitle=F85F00&cshadow=E8E8E8&cbutton=C0C0C0&cbuttontext=000000&chighlight=FF0000&tbody_family=Tahoma,sans-serif&tbody_size=8&tbody_weight=normal&tbody_style=normal&tbody_decoration=none&tbody_transform=none&ttitle_family=Impact,sans-serif&ttitle_size=10&ttitle_weight=normal&ttitle_style=normal&ttitle_decoration=none&ttitle_transform=none&ttab_family=Tahoma,sans-serif&ttab_size=8&ttab_weight=normal&ttab_style=normal&ttab_decoration=none&ttab_transform=none\" width=\"265\" height=\"400\" scrolling=\"no\" frameborder=\"0\" marginwidth=\"0\" marginheight=\"0\"></iframe>\n<!-- END of Soccerway widget HTML fragment -->', null, null, '2013-02-15 15:30:24', '2016-12-03 19:05:00');
INSERT INTO `fb_leagues` VALUES ('4', '7', 'ลีก เอิง', '20160915171943.png', '1', 'y', '5', '<!-- BEGIN of Soccerway widget HTML fragment  -->\n<!-- Personal code for this widget: ss1ivo6tHo0tX1jo0 -->\n<iframe src=\"http://widgets.soccerway.com/widget/free/classic/competition/16/#d=265x400&f=table,table_colmp,table_colmw,table_colmd,table_colml,scroll&cbackground=FFFFFF&ctext=000000&ctitle=F85F00&cshadow=E8E8E8&cbutton=C0C0C0&cbuttontext=000000&chighlight=FF0000&tbody_family=Tahoma,sans-serif&tbody_size=8&tbody_weight=normal&tbody_style=normal&tbody_decoration=none&tbody_transform=none&ttitle_family=Impact,sans-serif&ttitle_size=10&ttitle_weight=normal&ttitle_style=normal&ttitle_decoration=none&ttitle_transform=none&ttab_family=Tahoma,sans-serif&ttab_size=8&ttab_weight=normal&ttab_style=normal&ttab_decoration=none&ttab_transform=none\" width=\"265\" height=\"400\" scrolling=\"no\" frameborder=\"0\" marginwidth=\"0\" marginheight=\"0\"></iframe>\n<!-- END of Soccerway widget HTML fragment -->', null, null, '2013-02-19 14:19:39', '2016-09-15 17:19:43');
INSERT INTO `fb_leagues` VALUES ('5', '6', 'บุนเดสลีกา', '20170809035625.png', '1', 'y', '4', '<!-- BEGIN of Soccerway widget HTML fragment  -->\n<!-- Personal code for this widget: ss1ivo6tHo0tX1jo0 -->\n<iframe src=\"http://widgets.soccerway.com/widget/free/classic/competition/9/#d=265x385&f=table,table_colmp,table_colmw,table_colmd,table_colml,scroll&cbackground=FFFFFF&ctext=000000&ctitle=F85F00&cshadow=E8E8E8&cbutton=C0C0C0&cbuttontext=000000&chighlight=FF0000&tbody_family=Tahoma,sans-serif&tbody_size=9&tbody_weight=normal&tbody_style=normal&tbody_decoration=none&tbody_transform=none&ttitle_family=Impact,sans-serif&ttitle_size=10&ttitle_weight=normal&ttitle_style=normal&ttitle_decoration=none&ttitle_transform=none&ttab_family=Tahoma,sans-serif&ttab_size=8&ttab_weight=normal&ttab_style=normal&ttab_decoration=none&ttab_transform=none\" width=\"265\" height=\"388\" scrolling=\"no\" frameborder=\"0\" marginwidth=\"0\" marginheight=\"0\"></iframe>\n<!-- END of Soccerway widget HTML fragment -->', null, null, '2013-02-19 14:20:19', '2017-08-09 03:56:25');
INSERT INTO `fb_leagues` VALUES ('6', '8', 'ยูฟ่า แชมเปี้ยนส์ ลีก', '20160927145051.png', '1', 'n', '0', '', null, null, '2013-02-19 14:25:09', '2017-09-12 05:36:06');
INSERT INTO `fb_leagues` VALUES ('7', '9', 'ลา ลีกา', '20160915172956.png', '1', 'y', '3', '<!-- BEGIN of Soccerway widget HTML fragment  -->\n<!-- Personal code for this widget: ss1ivo6tHo0tX1jo0 -->\n<iframe src=\"http://widgets.soccerway.com/widget/free/classic/competition/7/#d=265x400&f=table,table_colmp,table_colmw,table_colmd,table_colml,scroll&cbackground=FFFFFF&ctext=000000&ctitle=F85F00&cshadow=E8E8E8&cbutton=C0C0C0&cbuttontext=000000&chighlight=FF0000&tbody_family=Tahoma,sans-serif&tbody_size=8&tbody_weight=normal&tbody_style=normal&tbody_decoration=none&tbody_transform=none&ttitle_family=Impact,sans-serif&ttitle_size=10&ttitle_weight=normal&ttitle_style=normal&ttitle_decoration=none&ttitle_transform=none&ttab_family=Tahoma,sans-serif&ttab_size=9&ttab_weight=normal&ttab_style=normal&ttab_decoration=none&ttab_transform=none\" width=\"265\" height=\"400\" scrolling=\"no\" frameborder=\"0\" marginwidth=\"0\" marginheight=\"0\"></iframe>\n<!-- END of Soccerway widget HTML fragment -->', null, null, '2013-02-22 00:16:21', '2016-09-15 17:29:56');
INSERT INTO `fb_leagues` VALUES ('8', '8', 'ยูโรป้า ลีก', '20160927145358.png', '1', 'n', '0', '', null, null, '2013-03-07 02:12:11', '2017-08-11 14:10:25');
INSERT INTO `fb_leagues` VALUES ('9', '4', 'เอฟเอ คัพ อังกฤษ', '20170103164128.png', '1', 'n', '0', '', null, null, '2013-03-09 02:21:55', '2017-08-11 14:11:28');
INSERT INTO `fb_leagues` VALUES ('10', '18', 'รัสเซียพรีเมียร์ลีก', '20130314110436.png', '0', 'n', null, null, null, null, '2013-03-13 23:04:36', '2013-08-23 10:06:05');
INSERT INTO `fb_leagues` VALUES ('11', '13', 'ซูเปอร์ลีก ตุรกี', '20130315114132.png', '1', 'n', null, null, null, null, '2013-03-14 23:41:32', null);
INSERT INTO `fb_leagues` VALUES ('12', '14', 'ทีมชาติ', '20130603161626.jpg', '1', 'n', '0', '', null, null, '2013-03-21 05:02:12', '2015-07-16 16:19:41');
INSERT INTO `fb_leagues` VALUES ('13', '14', 'กระชับมิตร (อุ่นเครื่อง)', '20160915172938.png', '1', 'n', '0', '', null, null, '2013-03-22 00:08:58', '2016-10-11 10:15:46');
INSERT INTO `fb_leagues` VALUES ('14', '14', 'ฟุตบอลโลก 2014 รอบชิงชนะเลิศ', '20140606094506.png', '0', 'n', '0', '', null, null, '2013-03-22 00:09:22', '2014-07-15 17:23:48');
INSERT INTO `fb_leagues` VALUES ('15', '14', 'ฟุตบอลโลก U-21', '20130325161700.png', '1', 'n', null, null, null, null, '2013-03-25 04:17:00', null);
INSERT INTO `fb_leagues` VALUES ('16', '15', 'ไทยลีก', '20180717215549.png', '1', 'n', '0', '', null, null, '2013-03-28 01:20:50', '2018-07-17 21:55:49');
INSERT INTO `fb_leagues` VALUES ('17', '16', 'เจ1 ลีก', '20160915173109.PNG', '1', 'n', '0', '', null, null, '2013-04-01 00:37:34', '2018-02-24 11:33:22');
INSERT INTO `fb_leagues` VALUES ('18', '19', 'ซูเปอร์ลีก สวิตเซอร์แลนด์', '20130402135913.jpg', '1', 'n', null, null, null, null, '2013-04-02 01:59:13', '2013-04-02 01:59:57');
INSERT INTO `fb_leagues` VALUES ('19', '17', 'ลีกา ซาเกรส', '20130402142938.png', '1', 'n', null, null, null, null, '2013-04-02 02:29:38', null);
INSERT INTO `fb_leagues` VALUES ('20', '20', 'ไชนีส ชูเปอร์ลีก', '20130403111336.png', '1', 'n', null, null, null, null, '2013-04-02 23:13:36', null);
INSERT INTO `fb_leagues` VALUES ('21', '11', 'เอเอฟซี แชมเปี้ยนส์ ลีก', '20170131093113.png', '1', 'n', '0', '', null, null, '2013-04-02 23:33:05', '2017-02-21 14:13:20');
INSERT INTO `fb_leagues` VALUES ('22', '21', 'คอนคาเคฟ แชมเปี้ยนส์ลีก', '20130430101221.png', '1', 'n', null, null, null, null, '2013-04-29 22:12:21', null);
INSERT INTO `fb_leagues` VALUES ('23', '22', 'โคปา ลิเบอร์ตาดอเรส 2015', '20160915172522.png', '1', 'n', '0', '', null, null, '2013-05-13 23:42:10', '2016-09-15 17:25:22');
INSERT INTO `fb_leagues` VALUES ('24', '11', 'เอเอฟซี คัพ', '20130515113827.png', '1', 'n', null, null, null, null, '2013-05-14 23:38:27', null);
INSERT INTO `fb_leagues` VALUES ('25', '5', 'โคปปา อิตาเลีย', '20150114062034.png', '1', 'n', '0', '', null, null, '2013-05-22 05:15:31', '2015-01-14 06:20:34');
INSERT INTO `fb_leagues` VALUES ('26', '4', 'แชมเปี้ยนชิพ อังกฤษ', '20160915172804.png', '1', 'n', '0', '', null, null, '2013-05-26 22:18:20', '2017-08-11 14:11:45');
INSERT INTO `fb_leagues` VALUES ('27', '14', 'ตูลง ทัวร์นาเมนต์ 2013 (U-20) ชิงชนะเลิศ', '20130529105729.png', '1', 'n', null, null, null, null, '2013-05-28 21:57:29', '2013-06-08 00:16:30');
INSERT INTO `fb_leagues` VALUES ('28', '6', 'เดเอฟเบ โพคาล', '20161025160019.png', '1', 'n', '0', '', null, null, '2013-05-30 22:16:10', '2017-08-11 14:10:40');
INSERT INTO `fb_leagues` VALUES ('29', '8', 'ยู-19 ชิงแชมป์ยุโรป รอบชิงชนะเลิศ', '20140731155457.jpg', '1', 'n', '0', '', null, null, '2013-06-03 03:21:17', '2014-07-31 15:55:59');
INSERT INTO `fb_leagues` VALUES ('30', '14', 'คอนเฟดเดอเรชั่นส์ คัพ 2013', '20130614135130.png', '1', 'n', null, null, null, null, '2013-06-14 00:51:30', null);
INSERT INTO `fb_leagues` VALUES ('31', '14', 'ฟุตบอลโลก (U-20) 2013', '20130620094631.jpg', '1', 'n', null, null, null, null, '2013-06-19 20:46:31', null);
INSERT INTO `fb_leagues` VALUES ('32', '21', 'คอนคาเคฟ โกลด์ คัพ', '20130705113027.png', '1', 'n', '0', '', null, null, '2013-07-05 11:30:27', '2015-07-09 17:41:17');
INSERT INTO `fb_leagues` VALUES ('33', '8', 'ฟุตบอลหญิงชิงแชมป์ยุโรป *ชิงชนะเลิศ', '20130717100834.png', '1', 'n', null, null, null, null, '2013-07-17 10:08:34', '2013-07-26 16:23:07');
INSERT INTO `fb_leagues` VALUES ('34', '23', ' เอ-ลีก ออสเตรเลีย', '20130723113655.png', '1', 'n', '0', '', null, null, '2013-07-23 11:36:55', '2015-05-08 13:54:59');
INSERT INTO `fb_leagues` VALUES ('35', '4', 'คอมมูนิตี้ ชิลด์', '20130808172025.jpg', '1', 'n', null, null, null, null, '2013-08-08 17:20:25', null);
INSERT INTO `fb_leagues` VALUES ('36', '18', 'พรีเมียร์ลีก รัสเซีย', '20130823100516.png', '1', 'n', '0', '', null, null, '2013-08-23 10:05:16', null);
INSERT INTO `fb_leagues` VALUES ('37', '9', 'สแปนิช ซูเปอร์ คัพ', 'default.jpg', '1', 'n', '0', '', null, null, '2013-08-28 11:01:37', null);
INSERT INTO `fb_leagues` VALUES ('38', '8', 'ยูฟ่า ซูเปอร์ คัพ', '20140812120023.png', '1', 'n', '0', '', null, null, '2013-08-30 10:56:14', '2017-08-07 15:18:45');
INSERT INTO `fb_leagues` VALUES ('39', '24', 'เอเรดิวิซี่ ฮอลแลนด์', '20160915172920.png', '1', 'n', '0', '', null, null, '2013-08-30 13:49:19', '2017-08-11 14:11:36');
INSERT INTO `fb_leagues` VALUES ('40', '14', 'เมอร์เดก้าคัพ', 'default.jpg', '1', 'n', '0', '', null, null, '2013-09-07 13:34:24', null);
INSERT INTO `fb_leagues` VALUES ('41', '14', 'xxxx', '20130910100055.jpg', '0', 'n', '0', '', null, null, '2013-09-10 10:00:55', '2013-09-10 10:01:43');
INSERT INTO `fb_leagues` VALUES ('42', '14', 'xxx', '20130910100230.jpg', '0', 'n', '0', '', null, null, '2013-09-10 10:02:30', '2013-09-10 10:02:42');
INSERT INTO `fb_leagues` VALUES ('43', '14', 'xxxx', '20130910101625.jpg', '0', 'n', '0', '', null, null, '2013-09-10 10:16:25', '2013-09-10 10:17:19');
INSERT INTO `fb_leagues` VALUES ('44', '4', 'คาราบาว คัพ', '20170811141414.png', '1', 'n', '0', '', null, null, '2013-09-24 10:15:37', '2017-08-11 14:14:14');
INSERT INTO `fb_leagues` VALUES ('45', '8', 'จับสลาก UCL / UEL', 'default.jpg', '1', 'n', '0', '', null, null, '2013-12-16 10:47:40', null);
INSERT INTO `fb_leagues` VALUES ('46', '9', 'โกปา เดล เรย์', '20140108113649.png', '1', 'n', '0', '', null, null, '2014-01-08 11:36:49', '2014-01-09 09:03:15');
INSERT INTO `fb_leagues` VALUES ('47', '7', 'เฟร้นช์ คัพ', '20140122114543.png', '1', 'n', '0', '', null, null, '2014-01-22 11:45:43', '2014-01-22 17:00:43');
INSERT INTO `fb_leagues` VALUES ('48', '14', 'A', '20140602173226.png', '0', 'y', '1', '', null, null, '2014-06-02 17:30:38', '2014-07-15 17:22:22');
INSERT INTO `fb_leagues` VALUES ('49', '14', 'B', '20140602173350.png', '0', 'y', '2', '', null, null, '2014-06-02 17:33:50', '2014-07-15 17:22:26');
INSERT INTO `fb_leagues` VALUES ('50', '14', 'C', '20140602173659.png', '0', 'y', '3', '', null, null, '2014-06-02 17:36:59', '2014-07-15 17:22:29');
INSERT INTO `fb_leagues` VALUES ('51', '14', 'D', '20140602173925.png', '0', 'y', '4', '', null, null, '2014-06-02 17:39:25', '2014-07-15 17:22:32');
INSERT INTO `fb_leagues` VALUES ('52', '14', 'E', '20140602174136.png', '0', 'y', '5', '', null, null, '2014-06-02 17:41:36', '2014-07-15 17:22:40');
INSERT INTO `fb_leagues` VALUES ('53', '14', 'F', '20140602174442.png', '0', 'y', '6', '', null, null, '2014-06-02 17:44:42', '2014-07-15 17:22:44');
INSERT INTO `fb_leagues` VALUES ('54', '14', 'G', '20140602174624.png', '0', 'y', '7', '', null, null, '2014-06-02 17:46:24', '2014-07-15 17:22:48');
INSERT INTO `fb_leagues` VALUES ('55', '14', 'H', '20140602174815.png', '0', 'y', '8', '', null, null, '2014-06-02 17:48:15', '2014-07-15 17:22:52');
INSERT INTO `fb_leagues` VALUES ('56', '14', 'ฟุตบอลโลก 2014 กลุ่ม B', '20140606094451.png', '0', 'n', '0', '', null, null, '2014-06-06 09:44:51', '2014-07-15 17:23:05');
INSERT INTO `fb_leagues` VALUES ('57', '14', 'ฟุตบอลโลก 2014 กลุ่ม C', '20140606094534.png', '0', 'n', '0', '', null, null, '2014-06-06 09:45:34', '2014-07-15 17:23:17');
INSERT INTO `fb_leagues` VALUES ('58', '14', 'ฟุตบอลโลก 2014 กลุ่ม D', '20140606094553.png', '0', 'n', '0', '', null, null, '2014-06-06 09:45:53', '2014-07-15 17:23:23');
INSERT INTO `fb_leagues` VALUES ('59', '14', 'ฟุตบอลโลก 2014 กลุ่ม E', '20140606094612.png', '0', 'n', '0', '', null, null, '2014-06-06 09:46:12', '2014-07-15 17:23:31');
INSERT INTO `fb_leagues` VALUES ('60', '14', 'ฟุตบอลโลก 2014 กลุ่ม F', '20140606094635.png', '0', 'n', '0', '', null, null, '2014-06-06 09:46:35', '2014-07-15 17:23:36');
INSERT INTO `fb_leagues` VALUES ('61', '14', 'ฟุตบอลโลก 2014 กลุ่ม G', '20140606094655.png', '0', 'n', '0', '', null, null, '2014-06-06 09:46:55', '2014-07-15 17:23:40');
INSERT INTO `fb_leagues` VALUES ('62', '14', 'ฟุตบอลโลก 2014 กลุ่ม H', '20140606094714.png', '0', 'n', '0', '', null, null, '2014-06-06 09:47:14', '2014-07-15 17:23:44');
INSERT INTO `fb_leagues` VALUES ('63', '14', 'ฟุตบอลนัดพิเศษ', 'default.jpg', '1', 'n', '0', '', null, null, '2014-08-09 13:09:31', null);
INSERT INTO `fb_leagues` VALUES ('64', '6', 'ซูเปอร์ คัพ เยอรมัน', '20140813115930.png', '1', 'n', '0', '', null, null, '2014-08-13 11:59:30', '2015-05-08 13:54:41');
INSERT INTO `fb_leagues` VALUES ('65', '8', 'ยูโร 2016', '20160611040748.png', '1', 'n', '0', '', null, null, '2014-09-07 12:02:20', '2016-06-11 04:07:48');
INSERT INTO `fb_leagues` VALUES ('66', '14', 'ชิงแชมป์สโมสรโลก', '20141217072401.png', '0', 'n', '0', '', null, null, '2014-12-16 10:11:07', '2016-12-06 09:52:59');
INSERT INTO `fb_leagues` VALUES ('67', '11', 'เอเอฟเอฟ ซูซูกิ คัพ', '20141217074354.png', '0', 'n', '0', '', null, null, '2014-12-17 07:43:54', '2016-11-17 13:18:42');
INSERT INTO `fb_leagues` VALUES ('69', '15', 'ทีมชาติไทย', '20150706144726.png', '1', 'n', '0', '', null, null, '2015-07-06 14:47:26', null);
INSERT INTO `fb_leagues` VALUES ('70', '15', 'บอลถ้วยสโมสรไทย', '20150706144852.png', '1', 'n', '0', '', null, null, '2015-07-06 14:48:52', null);
INSERT INTO `fb_leagues` VALUES ('71', '14', 'บอลถ้วยอื่น ๆ', '20150713094504.png', '0', 'n', '0', '', null, null, '2015-07-13 09:45:04', '2022-07-31 16:37:19');
INSERT INTO `fb_leagues` VALUES ('72', '14', 'ฟุตบอลโลก 2018 รอบเพลย์ออฟ', '20160915172617.png', '1', 'n', '0', '', null, null, '2015-10-08 09:51:22', '2017-11-07 08:22:13');
INSERT INTO `fb_leagues` VALUES ('73', '14', 'ฟีฟ่า คลับ เวิลด์ คัพ', '20151214151425.png', '1', 'n', '0', '', null, null, '2015-12-14 15:14:25', null);
INSERT INTO `fb_leagues` VALUES ('74', '11', 'ยู-23 ชิงแชมป์เอเชีย', '20160114161312.png', '1', 'n', '0', '', null, null, '2016-01-12 15:46:50', '2016-01-14 16:13:12');
INSERT INTO `fb_leagues` VALUES ('75', '22', 'โคปา อเมริกา 2016', '20160531022834.png', '1', 'n', '0', '', null, null, '2016-05-31 02:28:34', null);
INSERT INTO `fb_leagues` VALUES ('76', '14', 'อุ่นเครื่อง U-21', '20161110150533.png', '1', 'n', '0', '', null, null, '2016-06-05 15:37:42', '2016-11-10 15:05:33');
INSERT INTO `fb_leagues` VALUES ('77', '14', 'เมียนมาร์ ยู-19 อินวิเตชั่น คัพ 2016', 'default.jpg', '1', 'n', '0', '', null, null, '2016-08-28 11:54:47', null);
INSERT INTO `fb_leagues` VALUES ('78', '11', 'ฟุตบอลหญิงยู-16 ชิงแชมป์เอเชีย รอบคัดเลือก', 'default.jpg', '1', 'n', '0', '', null, null, '2016-09-05 12:11:46', null);
INSERT INTO `fb_leagues` VALUES ('79', '11', 'ยู-19 ชิงแชมป์อาเซียน', '20160915173149.png', '0', 'n', '0', '', null, null, '2016-09-12 11:56:16', '2022-07-31 16:37:10');
INSERT INTO `fb_leagues` VALUES ('80', '14', 'ฟุตซอลชิงแชมป์โลก 2016', '20160915172555.png', '1', 'n', '0', '', null, null, '2016-09-13 11:27:52', '2016-09-15 17:25:55');
INSERT INTO `fb_leagues` VALUES ('81', '15', 'โตโยต้า ลีกคัพ', '20160915172016.png', '1', 'n', '0', '', null, null, '2016-09-14 13:52:03', '2016-09-15 17:20:16');
INSERT INTO `fb_leagues` VALUES ('82', '22', 'โคปา ซูดาเมริกาน่า', '20160915172733.png', '1', 'n', '0', '', null, null, '2016-09-14 13:59:51', '2016-09-15 17:27:33');
INSERT INTO `fb_leagues` VALUES ('83', '15', 'ช้าง เอฟเอ คัพ', '20160915172715.png', '1', 'n', '0', '', null, null, '2016-09-15 17:27:15', null);
INSERT INTO `fb_leagues` VALUES ('84', '11', 'ยู-16 ชิงแชมป์เอเชีย', '20160917093701.png', '1', 'n', '0', '', null, null, '2016-09-17 09:37:01', null);
INSERT INTO `fb_leagues` VALUES ('85', '8', 'U21 ชิงแชมป์แห่งชาติยุโรป รอบคัดเลือก', '20161011102033.png', '1', 'n', '0', '', null, null, '2016-10-11 10:20:33', null);
INSERT INTO `fb_leagues` VALUES ('86', '11', 'ยู-19 ชิงแชมป์เอเชีย', '20161013101334.png', '1', 'n', '0', '', null, null, '2016-10-13 10:03:52', '2016-10-13 10:13:34');
INSERT INTO `fb_leagues` VALUES ('87', '11', 'AFF ซูซูกิคัพ (ชิงชนะเลิศ เลก2)', '20161018121924.png', '1', 'n', '0', '', null, null, '2016-10-18 12:19:24', '2016-12-15 16:22:18');
INSERT INTO `fb_leagues` VALUES ('88', '30', 'สกอตติช พรีเมียร์', '20161023140804.png', '1', 'n', '0', '', null, null, '2016-10-23 14:08:04', null);
INSERT INTO `fb_leagues` VALUES ('89', '7', 'เฟรนช์ ลีกคัพ', '20170110105435.png', '1', 'n', '0', '', null, null, '2016-10-25 15:51:50', '2017-01-10 10:54:35');
INSERT INTO `fb_leagues` VALUES ('90', '31', 'เมเจอร์ ลีก ซอคเกอร์ (ชิงชนะเลิศประจำฤดูกาล)', '20161129154141.png', '1', 'n', '0', '', null, null, '2016-11-29 15:41:41', '2016-12-08 16:27:46');
INSERT INTO `fb_leagues` VALUES ('91', '14', 'ชิงแชมป์สโมสรโลก 2017', '20161206094808.png', '1', 'n', '0', '', null, null, '2016-12-06 09:48:08', '2017-12-13 13:34:12');
INSERT INTO `fb_leagues` VALUES ('92', '14', 'ชิงแชมป์สโมสรโลก 2016 (ชิงอันดับ 3)', '20161217011510.png', '1', 'n', '0', '', null, null, '2016-12-17 01:15:10', null);
INSERT INTO `fb_leagues` VALUES ('93', '11', 'ชิงชนะเลิศ แม่โขงคลับ (นัด2)', '20170105131434.png', '1', 'n', '0', '', null, null, '2017-01-05 13:14:34', '2017-01-07 02:43:33');
INSERT INTO `fb_leagues` VALUES ('94', '11', 'ช้าง บุรีรัมย์ ยูไนเต็ด อาเซียนทัวร์ 2017', '20170114064446.png', '1', 'n', '0', '', null, null, '2017-01-13 12:45:12', '2017-01-14 06:44:46');
INSERT INTO `fb_leagues` VALUES ('95', '11', 'ช้าง บุรีรัมย์ ยูไนเต็ด อาเซียนทัวร์ 2017', '20170113124904.png', '0', 'n', '0', '', null, null, '2017-01-13 12:49:04', '2017-01-13 12:52:02');
INSERT INTO `fb_leagues` VALUES ('96', '11', 'AFF AIS ฟุตซอล แชมเปี้ยนชิพ 2016 ', '20170123151812.png', '1', 'n', '0', '', null, null, '2017-01-23 15:18:12', '2017-01-23 15:22:27');
INSERT INTO `fb_leagues` VALUES ('97', '11', 'J.League Asia Challenge in THAILAND 2017', '20170124112151.png', '1', 'n', '0', '', null, null, '2017-01-24 11:21:51', null);
INSERT INTO `fb_leagues` VALUES ('98', '15', 'อีสาน ดาร์บี้ คัพ 2017', '20170127144308.png', '1', 'n', '0', '', null, null, '2017-01-27 14:43:08', null);
INSERT INTO `fb_leagues` VALUES ('99', '11', 'โตโยต้า พรีเมียร์ คัพ 2016', '20170202195749.png', '1', 'n', '0', '', null, null, '2017-02-02 19:57:49', null);
INSERT INTO `fb_leagues` VALUES ('100', '4', 'ลีก วัน (เพลย์ ออฟ)', '20170504172748.png', '1', 'n', '0', '', null, null, '2017-05-04 17:27:48', null);
INSERT INTO `fb_leagues` VALUES ('101', '15', ' ไทยแลนด์ แชมเปี้ยนส์ คัพ', 'default.jpg', '1', 'n', '0', '', null, null, '2018-01-19 06:04:15', null);
INSERT INTO `fb_leagues` VALUES ('102', '11', 'AFC ฟุตซอล แชมเปี้ยนชิพ 2018', 'default.jpg', '1', 'n', '0', '', null, null, '2018-02-02 18:53:44', '2018-02-02 18:53:53');
INSERT INTO `fb_leagues` VALUES ('103', '14', 'คิงส์ คัพ', 'default.jpg', '1', 'n', '0', '', null, null, '2018-03-22 11:37:27', null);

-- ----------------------------
-- Table structure for `fb_match`
-- ----------------------------
DROP TABLE IF EXISTS `fb_match`;
CREATE TABLE `fb_match` (
  `match_id` int(11) NOT NULL AUTO_INCREMENT,
  `gw_id` int(11) DEFAULT NULL,
  `national_id` int(11) DEFAULT NULL,
  `league_id` int(11) DEFAULT NULL,
  `channel_id` int(11) DEFAULT NULL,
  `club_home_id` int(11) DEFAULT NULL,
  `club_home_score` varchar(3) COLLATE utf8_unicode_ci NOT NULL,
  `club_away_id` int(11) DEFAULT NULL,
  `club_away_score` varchar(3) COLLATE utf8_unicode_ci NOT NULL,
  `match_date` datetime DEFAULT NULL,
  `match_rate` decimal(5,2) DEFAULT NULL,
  `team_handicap` varchar(3) COLLATE utf8_unicode_ci DEFAULT NULL,
  `match_score_status` varchar(3) COLLATE utf8_unicode_ci NOT NULL DEFAULT 'n',
  `match_special` varchar(3) COLLATE utf8_unicode_ci NOT NULL DEFAULT 'n',
  `match_live` varchar(3) COLLATE utf8_unicode_ci NOT NULL DEFAULT 'n',
  `match_status` smallint(3) NOT NULL DEFAULT '1',
  `user_add_id` int(11) DEFAULT NULL,
  `user_edit_id` int(11) DEFAULT NULL,
  `created` datetime DEFAULT NULL,
  `modified` datetime DEFAULT NULL,
  PRIMARY KEY (`match_id`)
) ENGINE=InnoDB AUTO_INCREMENT=4 DEFAULT CHARSET=utf8 COLLATE=utf8_unicode_ci;

-- ----------------------------
-- Records of fb_match
-- ----------------------------
INSERT INTO `fb_match` VALUES ('1', '1', '4', '2', null, '325', '', '204', '', '2022-08-01 20:00:00', '0.00', 'h', 'n', 'n', 'n', '1', null, null, '2022-07-31 16:46:36', '2022-07-31 18:34:10');
INSERT INTO `fb_match` VALUES ('2', '1', '4', '2', null, '4', '', '19', '', '2022-08-01 22:00:00', '0.00', 'h', 'n', 'y', 'n', '1', null, null, '2022-07-31 19:14:05', '2022-07-31 22:47:24');
INSERT INTO `fb_match` VALUES ('3', '1', '4', '2', null, '30', '', '12', '', '2022-08-02 20:00:00', '0.00', 'h', 'n', 'n', 'n', '1', null, null, '2022-08-01 08:53:33', null);

-- ----------------------------
-- Table structure for `fb_members`
-- ----------------------------
DROP TABLE IF EXISTS `fb_members`;
CREATE TABLE `fb_members` (
  `member_id` int(11) NOT NULL AUTO_INCREMENT,
  `facebook_id` varchar(100) COLLATE utf8_unicode_ci DEFAULT NULL,
  `nickname` varchar(100) COLLATE utf8_unicode_ci DEFAULT NULL,
  `email` varchar(100) COLLATE utf8_unicode_ci DEFAULT NULL,
  `gender` varchar(50) COLLATE utf8_unicode_ci DEFAULT NULL,
  `image` varchar(100) COLLATE utf8_unicode_ci DEFAULT NULL,
  `registerdate` datetime DEFAULT NULL,
  `last_login` datetime DEFAULT NULL,
  PRIMARY KEY (`member_id`)
) ENGINE=InnoDB DEFAULT CHARSET=utf8 COLLATE=utf8_unicode_ci;

-- ----------------------------
-- Records of fb_members
-- ----------------------------

-- ----------------------------
-- Table structure for `fb_nationals`
-- ----------------------------
DROP TABLE IF EXISTS `fb_nationals`;
CREATE TABLE `fb_nationals` (
  `national_id` int(11) NOT NULL AUTO_INCREMENT,
  `national_name` text COLLATE utf8_unicode_ci,
  `national_image` text COLLATE utf8_unicode_ci,
  `national_status` smallint(3) DEFAULT '1',
  `user_add_id` int(11) DEFAULT NULL,
  `user_edit_id` int(11) DEFAULT NULL,
  `created` datetime DEFAULT NULL,
  `modified` datetime DEFAULT NULL,
  PRIMARY KEY (`national_id`)
) ENGINE=InnoDB AUTO_INCREMENT=32 DEFAULT CHARSET=utf8 COLLATE=utf8_unicode_ci;

-- ----------------------------
-- Records of fb_nationals
-- ----------------------------
INSERT INTO `fb_nationals` VALUES ('1', 'ประเทศไทย', '20130215032839.JPG', '0', null, null, '2013-02-15 02:23:14', '2013-02-15 12:57:55');
INSERT INTO `fb_nationals` VALUES ('2', 'ประเทศอังกฤษ', '20130215032756.JPG', '0', null, null, '2013-02-15 02:23:33', '2013-02-15 12:57:15');
INSERT INTO `fb_nationals` VALUES ('3', 'ประเทศไทยจ้า', '20130215030830.png', '0', null, null, '2013-02-15 02:56:33', '2013-02-15 12:57:58');
INSERT INTO `fb_nationals` VALUES ('4', 'ประเทศอังกฤษ', '20130215125816.png', '1', null, null, '2013-02-15 12:58:16', '2013-02-15 14:29:04');
INSERT INTO `fb_nationals` VALUES ('5', 'ประเทศอิตาลี', '20130215153334.jpg', '1', null, null, '2013-02-15 15:29:07', '2013-02-15 15:33:34');
INSERT INTO `fb_nationals` VALUES ('6', 'ประเทศเยอรมัน', '20130226165108.jpg', '1', null, null, '2013-02-19 13:49:12', '2013-02-26 03:51:08');
INSERT INTO `fb_nationals` VALUES ('7', 'ประเทศฝรั่งเศส', '20130226165233.jpg', '1', null, null, '2013-02-19 13:54:08', '2013-02-26 03:52:33');
INSERT INTO `fb_nationals` VALUES ('8', 'ฟุตบอลยุโรป', 'default.jpg', '1', null, null, '2013-02-19 14:24:32', null);
INSERT INTO `fb_nationals` VALUES ('9', 'ประเทศสเปน', '20130222131032.png', '1', null, null, '2013-02-22 00:10:32', '2013-02-22 00:32:23');
INSERT INTO `fb_nationals` VALUES ('10', 'Dominican Republic', '20130222133514.png', '0', null, null, '2013-02-22 00:35:14', '2013-02-26 03:51:33');
INSERT INTO `fb_nationals` VALUES ('11', 'ฟุตบอลเอเชีย', '20130226171749.png', '1', null, null, '2013-02-26 04:17:49', '2013-04-02 23:20:06');
INSERT INTO `fb_nationals` VALUES ('12', 'ประเทศรัสเซีย', '20130314110320.png', '0', null, null, '2013-03-13 23:03:20', '2013-04-02 01:38:23');
INSERT INTO `fb_nationals` VALUES ('13', 'ประเทศตุรกี', '20130315113523.png', '1', null, null, '2013-03-14 23:35:23', '2013-03-14 23:35:41');
INSERT INTO `fb_nationals` VALUES ('14', 'international', '20130321165538.png', '1', null, null, '2013-03-21 04:55:38', '2013-03-21 05:01:52');
INSERT INTO `fb_nationals` VALUES ('15', 'ประเทศไทย', '20130328131919.GIF', '1', null, null, '2013-03-28 01:19:20', null);
INSERT INTO `fb_nationals` VALUES ('16', 'ประเทศญี่ปุ่น', '20130401123418.jpg', '1', null, null, '2013-04-01 00:34:18', '2013-04-01 00:34:37');
INSERT INTO `fb_nationals` VALUES ('17', 'ประเทศโปรตุเกส', '20130402133710.png', '1', null, null, '2013-04-02 01:37:10', '2013-04-02 01:37:30');
INSERT INTO `fb_nationals` VALUES ('18', 'ประเทศรัสเซีย', '20130402133758.png', '1', null, null, '2013-04-02 01:37:58', null);
INSERT INTO `fb_nationals` VALUES ('19', 'ประเทศสวิตเซอร์แลนด์', '20130402133850.png', '1', null, null, '2013-04-02 01:38:50', null);
INSERT INTO `fb_nationals` VALUES ('20', 'ประเทศจีน', '20130403111235.png', '1', null, null, '2013-04-02 23:12:35', '2015-05-08 13:07:46');
INSERT INTO `fb_nationals` VALUES ('21', 'ฟุตบอลคอนคาเคฟ', '20130430101132.jpg', '1', null, null, '2013-04-29 22:11:32', null);
INSERT INTO `fb_nationals` VALUES ('22', 'ฟุตบอลอเมริกาใต้', '20130514113708.png', '1', null, null, '2013-05-13 23:37:08', null);
INSERT INTO `fb_nationals` VALUES ('23', 'ประเทศออสเตรเลีย', '20130723113213.png', '1', null, null, '2013-07-23 11:32:13', null);
INSERT INTO `fb_nationals` VALUES ('24', 'ประเทศฮอลแลนด์', '20180717213127.png', '1', null, null, '2013-08-30 11:51:41', '2018-07-17 21:31:27');
INSERT INTO `fb_nationals` VALUES ('30', 'ประเทศสก็อตแลนด์', 'default.jpg', '0', null, null, '2016-10-23 14:07:14', '2018-07-17 22:33:38');
INSERT INTO `fb_nationals` VALUES ('31', 'ประเทศสหรัฐอเมริกา', 'default.jpg', '1', null, null, '2016-11-29 15:38:27', '2016-11-29 15:39:07');

-- ----------------------------
-- Table structure for `fb_teng`
-- ----------------------------
DROP TABLE IF EXISTS `fb_teng`;
CREATE TABLE `fb_teng` (
  `teng_id` int(11) NOT NULL AUTO_INCREMENT,
  `member_id` int(11) DEFAULT NULL,
  `gw_id` int(11) DEFAULT NULL,
  `match_id` int(11) DEFAULT NULL,
  `teng_predict` varchar(3) COLLATE utf8_unicode_ci NOT NULL,
  `teng_result` varchar(3) COLLATE utf8_unicode_ci DEFAULT NULL,
  `teng_date` datetime DEFAULT NULL,
  `teng_score` decimal(3,2) DEFAULT NULL,
  `member_ip` varchar(50) COLLATE utf8_unicode_ci DEFAULT NULL,
  `created` datetime DEFAULT NULL,
  `modified` datetime DEFAULT NULL,
  PRIMARY KEY (`teng_id`)
) ENGINE=InnoDB DEFAULT CHARSET=utf8 COLLATE=utf8_unicode_ci;

-- ----------------------------
-- Records of fb_teng
-- ----------------------------
